,1,1/1/2013,"Mandela as Dissident, Liberator and Statesman",,
,2,1/1/2013,Stoudemire to Come Off the Bench Against Portland,,
,3,1/1/2013,Visa Requirements Lifted For Short Stays in China,,
,4,1/1/2013,The McConnell-Biden Plan,,
,4,1/1/2013,"A Good Year in Stocks, Despite Worries",,
,5,1/1/2013,Minnesota Overcomes Nemesis to Prevail in Its Big Ten Opener,,
,5,1/1/2013,"In a Place for the Dead, Studying a Seemingly Immortal Species",,
,5,1/1/2013,Iran Tests New Version of Missiles in Exercise,,
,5,1/1/2013,Visa Issue in China Forces Out Times Reporter,,
,5,1/1/2013,Visa Issue in China Forces Out Times Reporter,,
,5,1/2/2013,Stoudemire Takes a Shot at DAntoni',,
,6,1/2/2013,Deferring Six Figures on Wall Street for Teachers Salary',,
,7,1/2/2013,Producers Guild Nominees Include 2 Longshots,,
,8,1/2/2013,Krolls K2 Firm Buys a Corporate Watchdog',,
,9,1/2/2013,Small-Business Tax Incentives Survive the Deal,,
,10,1/2/2013,American Ballet Theater Announces Dancer Exchange,,
,11,1/2/2013,How the Deal on the Fiscal Cliff Affects Financial Aid,,
,12,1/2/2013,Polk Forecasts Increased U.S. Vehicle Sales and Production in 2013,,
,13,1/2/2013,N.F.L. Playoff Analysis From the Film Room,,
,14,1/2/2013,Markets Welcome Fiscal Deal,,
,15,1/2/2013,How to Run a Small Business,,
,16,1/2/2013,Stoudemire Returns but Offers Very Little,,
,16,1/2/2013,Egypt: Prosecutor Opens Criminal Investigation Against Comedian Accused of Insulting the President,,
,16,1/2/2013,Renewed Love for Symbol of New Wave,,
,16,1/2/2013,Study Suggests Lower Mortality Risk for People Deemed to Be Overweight,,
,16,1/2/2013,United and City Hold Ground in Premier League,,
,16,1/2/2013,Aamanns-Copenhagen,,
,17,1/3/2013,Personal Connection Amid Political Dissonance in the Middle East,,
,17,1/3/2013,The Opening Day of the 113th Congress,,
,18,1/3/2013,Time Warner Cable Says It Will Keep Open Mind' on Reinstating Al Jazeera',,
,19,1/3/2013,Swiss Bank Pleads Guilty to Tax Law Violations,,
,20,1/3/2013,Obama Signs Tax Deal Remotely Using Autopen ,,
,21,1/3/2013,Banks Face New Checks on Derivatives Trading,,
,22,1/3/2013,Lawsuit Against HBO Claims Cruelty to Animals on Luck'',,
,23,1/3/2013,Robert Griffin III: What a Good Quarterback Means,,
,24,1/3/2013,Business Group Members Talk About Surviving Another Year,,
,25,1/3/2013,Indian Women Celebrate Dented and Painted' Moniker',,
,26,1/3/2013,"For Obama, a Victory That Also Holds Risks",,
,26,1/3/2013,Commission Recommends Core Changes in Education,,
,26,1/3/2013,U.S. in Semifinals of World Junior Hockey Championships,,
,27,1/3/2013,"Bringing Exclusivity to Dogs, and Owners",,
,27,1/3/2013,A Swiss Region Where the Gold Comes in Solid and Liquid Forms,,
,27,1/3/2013,"Help for a Start-Up, but at a High Price",,
,27,1/3/2013,"Rice Bowl With Sweet and Sour Purple Cabbage, Red Peppers and Baked Marinated Tofu",,
,27,1/3/2013,Stocks Jump 2.5% on Fiscal Deal,,
,27,1/3/2013,Stocks Jump 2.5% on Fiscal Deal,,
,27,1/3/2013,Stocks Jump 2.5% on Fiscal Deal,,
,27,1/4/2013,Who Made That Universal Product Code?,,
,27,1/4/2013,Brooklyn Brewery Is on Tap for Stockholm,,
,28,1/4/2013,How Defense Act Addresses Military Suicides and Issues of Conscience,,
,29,1/4/2013,Friday Reading: Some Travelers Can Keep Their Shoes On,,
,30,1/4/2013,Drowsy Drivers Pose Major Risks,,
,31,1/4/2013,Navigating College Admissions While Pretty Seriously Depressed'',,
,32,1/4/2013,Lehane Continues Search for Missing Dog,,
,33,1/4/2013,A Parents Business Travel: How Long Is Too Long?',,
,34,1/4/2013,Todays Scuttlebot: Tech Design Comics and Artificial Intelligence Money',,
,35,1/4/2013,Growing Strains for Muslim Brotherhood and Emirates,,
,35,1/4/2013,"Taking Calls on Abortion, and Risks, in Chile",,
,35,1/4/2013,Day of Records and Firsts as 113th Congress Opens,,
,35,1/4/2013,Mississippi: Another Guilty Plea in Racial Attacks,,
,36,1/4/2013,"An Improvisational Cosmology, Vibrations Ever Expanding",,
,36,1/4/2013,"Gerda Lerner, a Feminist and Historian, Dies at 92",,
,36,1/4/2013,Swiss Gunman Had Weapons Taken Away Previously,,
,36,1/5/2013,Stoudemire Commemorates Brothers Death',,
,37,1/5/2013,Pictures From the Week in Business,,
,38,1/5/2013,PGA Tour Season Opener Is Delayed,,
,39,1/5/2013,Inaugural Contributors Identified,,
,39,1/5/2013,Exports of American Natural Gas May Fall Short of High Hopes,,
,39,1/5/2013,An Invitation for High School Seniors to Write About Finances,,
,39,1/5/2013,"Reporter Forced to Leave China Had Problem With Visa, Officials Say",,
,39,1/6/2013,"Madoff Aside, Financial Fraud Defies Policing",,
,40,1/6/2013,G.O.P. Senate Leader Says No to More Tax Revenue,,
,40,1/6/2013,Asking What to Do With Symbols of Grief as Memorials Pile Up,,
,40,1/6/2013,"Gunman and Three Others Killed After Standoff in Aurora, Colo.",,
,40,1/6/2013,A Stock Market Streak That Has Drawn Few Cheers,,
,40,1/6/2013,A Stock Market Streak That Has Drawn Few Cheers,,
,40,1/6/2013,"More Risk-Taking, Less Poll-Taking",,
,40,1/6/2013,Baath Leader Urges Sunnis to Protest Iraqi Premier,,
,40,1/6/2013,Williams Wins a Tuneup for the Australian Open,,
,40,1/6/2013,Bricks and Mortar for Artisanal Brisket,,
,40,1/6/2013,The 12.23.12 Issue,,
,40,1/7/2013,"Rescued by a  Bailout, A.I.G. May Sue Its Savior",,
,40,1/7/2013,Nearly 8 Million Tuned to Downton' Premiere',,
,41,1/7/2013, Australian Open Seedings Are Released,,
,41,1/7/2013,Asking Hedge Funds to Turn Themselves In,,
,42,1/7/2013,The Financial Crisis in the Courts,,
,43,1/7/2013,Missoni Family Keeps Anxious Watch ,,
,44,1/7/2013,Stolen Matisse to Be Returned to Swedish Museum,,
,45,1/7/2013,Bette Midler to Play Superagent Sue Mengers on Broadway,,
,46,1/7/2013,The Role of Profit in a Social Business,,
,47,1/7/2013,Sony and BMG Are Said to Team Up on Bid for EMI,,
,48,1/7/2013,"After Ticketmaster Glitch, Inaugural Ball and Parade Tickets Sell Out Early  ",,
,49,1/7/2013,N.H.L. Camps May Not Open Until Saturday,,
,50,1/7/2013,Hagel on Key Issues,,
,50,1/7/2013,Monday Reading: Drowsy Drivers Pose Major Risks,,
,51,1/7/2013,This Week In Small Business: YOLO!,,
,52,1/7/2013,Draft of the NYS 2100 Commission Report,,
,53,1/7/2013,"At Disney Parks, a Bracelet Meant to Build Loyalty (and Sales)",,
,53,1/7/2013,Providing a Template to Challenge Apple,,
,53,1/7/2013,McConnell Takes Taxes Off the Table in New Talks,,
,53,1/7/2013,Scorecard on Health Insurance Exchanges,,
,53,1/7/2013,"Palestinian Authority in Crisis Over Finances, Premier Says",,
,53,1/7/2013,"Palestinian Authority in Crisis Over Finances, Premier Says",,
,53,1/7/2013,"A City Reminisces While Saying Goodbye, for Now, to Its Boardwalk",,
,53,1/7/2013,Guns: A Public Health Issue,,
,53,1/7/2013,The Bailout of A.I.G.,,
,53,1/7/2013,News From the Advertising Industry,,
,53,1/7/2013,Brennan on Key Issues,,
,53,1/7/2013,Backing Away From Home Loans,,
,53,1/8/2013,Former SAC Analyst Cooperates in Insider Trading Case,,
,54,1/8/2013,Governors Undercover Mission? Buying His Twins a Car',,
,55,1/8/2013,Justice Department and Patent Office Issue Policy Statement on Patents,,
,56,1/8/2013,Examining the Terms of A.I.G.s Bailout',,
,57,1/8/2013,Veterans Dominate Directors Guild Nominees,,
,58,1/8/2013,"A Bull in Stocks, but a Bear for Free Speech",,
,59,1/8/2013,Widow of Slain Civil Rights Leader to Deliver Invocation at Inauguration,,
,60,1/8/2013,Norwegian Cruise Line Sets Price Range for I.P.O.,,
,61,1/8/2013,The State of Small-Business Lending,,
,62,1/8/2013,Tax Increases and Bull Markets,,
,63,1/8/2013,Panel Proposes Dissolving the L.I. Power Authority,,
,63,1/8/2013,"For Netanyahu, Being Favored to Win Carries Its Own Risks",,
,63,1/8/2013,"Landlords Are Blocking Rewiring of Cable After Hurricane, Verizon Says",,
,63,1/8/2013,Trial Begins for Scotland Yard Officer in Phone-Hacking Scandal,,
,63,1/8/2013,Hints of Syrian Chemical Push Set Off Global Effort to Stop It,,
,63,1/8/2013,Boeing 787 Suffers a Battery Fire in Boston,,
,63,1/8/2013,Yellow Fever: China Plans to Scan Travelers From Sudan,,
,63,1/8/2013,Sony Issues Dylan CDs to Extend Copyright,,
,63,1/8/2013,Court in Bahrain Confirms Jail Terms for 13 Dissidents,,
,63,1/9/2013,Isner Withdraws From Australian Open,,
,63,1/9/2013,Probation for Ex-SAC Analyst Who Cooperated in Insider Trading Inquiries,,
,64,1/9/2013,Ministers Comments on Gay Rights Raise Questions on Role in Inauguration',,
,64,1/9/2013,Ministers Comments on Gay Rights Raise Questions on Role in Inauguration',,
,64,1/9/2013,S.E.C. Opens Investigation Into Herbalife,,
,65,1/9/2013,Anti-Semitism Charge Provokes Furor in Germany,,
,66,1/9/2013,Just Business: 2 Hedge Fund Rivals Clash Over Herbalife,,
,66,1/9/2013,Just Business: 2 Hedge Fund Rivals Clash Over Herbalife,,
,66,1/9/2013,Former SAC Analyst Assists Insider Trading Crackdown,,
,67,1/9/2013,The Great Dissenters,,
,68,1/9/2013,A Layered Detective Yarn or Another Animal Entirely?,,
,68,1/9/2013,Macaus Gaming Take: Sign of Chinese Emigration?',,
,69,1/9/2013,Rose and Sugar Will Be Semifinals,,
,70,1/9/2013,"A Bold Dissenter at the Fed, Hoping His Doubts Are Wrong",,
,70,1/9/2013,"Bank Hacking Was the Work of Iranians, Officials Say",,
,70,1/9/2013,Mother&#8217;s Newfound Financial Security Benefits Son,,
,71,1/9/2013,U.S. Is Open to Withdraw Afghan Force After 2014,,
,71,1/9/2013,A Financial Service for People Fed Up With Banks,,
,71,1/9/2013,Venezuela: Italy Sends Team to Aid Search for Missing Plane,,
,71,1/9/2013,"For 2 Nominees, Vietnam Bred Doubts on War",,
,71,1/9/2013,Lobster and Bison After Inauguration,,
,71,1/9/2013,Police Stop-and-Frisk Program in Bronx Is Ruled Unconstitutional,,
,71,1/9/2013,Body of 1 Missing Boy Recovered From Lake in New Jersey,,
,71,1/9/2013,Lew on Key Issues,,
,71,1/10/2013,"Even Before Oath, Reminders That Being a Police Officer Isnt Easy'",,
,72,1/10/2013,"For Some Dead Brands, a Tortuous Path to Resurrection",,
,73,1/10/2013,Drilling Down: Andrew Sullivan Decides to Start His Own Business,,
,74,1/10/2013,Microsofts Surface Pro Tablet Changes the Game',,
,75,1/10/2013,"Pacific Tuna Stocks Have Plummeted, Scientists Warn",,
,76,1/10/2013,A Bit of Relief on Food Prices,,
,77,1/10/2013,Herbalife Responds to Accusations From Hedge Fund,,
,78,1/10/2013,"The 2012 Patent Rankings: IBM on Top (Again), Google and Apple Surging",,
,79,1/10/2013,"Returns at Hedge Funds Run by Women Beat the Industry, Report Says",,
,80,1/10/2013,Selling a Business? Its the Details That Count',,
,81,1/10/2013,Ask a Financial Aid Expert About the Fafsa,,
,81,1/10/2013,U.S. Consumer Watchdog to Issue Mortgage Rules,,
,81,1/10/2013,U.S. Consumer Watchdog to Issue Mortgage Rules,,
,81,1/10/2013,Obama to Use King and Lincoln Bibles for Inaugural,,
,82,1/10/2013,"Atop New York Senate, an Odd Couple With Some Issues",,
,82,1/10/2013,"Afghan Amnesty Program Falls Short, Leaving Ex-Insurgents Regretful and Angry",,
,82,1/10/2013,Pastor Chosen for Inaugural Was Criticized as Antigay,,
,82,1/10/2013,Benefits of College Degree in Recession Are Outlined,,
,82,1/10/2013,S.E.C. Seeks to Penalize 2 Auditors in Bank Case,,
,82,1/10/2013,Mexico: Killer Dog Case Widens,,
,83,1/10/2013,Borrowed Hearing Aid Opens New World to Teenager,,
,84,1/10/2013,The Semi-Detached Solution,,
,84,1/10/2013,Newtown Shooting Dominates Opening of Connecticut Legislative Session,,
,84,1/10/2013,Boeing Says 787 Is Safe Despite Recent Problems,,
,84,1/10/2013,"Before Aurora Slaughter, Self-Portraits, Court Hears",,
,84,1/10/2013,G.M. Chief Expects To Regain Market Share ,,
,84,1/10/2013,"James M. Buchanan, Economic Scholar and Nobel Laureate, Dies at 93",,
,84,1/10/2013,Oxygen Bubbles Into Facial Care Products,,
,84,1/10/2013,Activists Convicted in Vietnam Crackdown on Dissent,,
,84,1/10/2013,Iranian Captives Freed in Prisoner Exchange in Syria,,
,84,1/11/2013,In the Wrong Business,,
,85,1/11/2013,Hostess Names Flowers as Lead Bidder for Bread Brands,,
,86,1/11/2013,Lawyers Say Police Confused Bomb Suspects 'Doodle' With Nazi Symbol',,
,87,1/11/2013,Get the Media Out of the Honoring Business,,
,88,1/11/2013,Week in Review: When Hedge Fund Managers Clash,,
,89,1/11/2013,Screams and Curses: A Beast' Nominee Gets the News',,
,90,1/11/2013,"Would Exporting the Natural Gas Surplus Help The Economy, or Hurt?",,
,91,1/11/2013,Get Your Finances Together,,
,91,1/11/2013,"Off the Charts: High Tech, High Dividends",,
,91,1/11/2013,"Common Core Practice | A Mining Village in Peru, Weapons in Syria and Inaugural Poetry",,
,92,1/11/2013,Daily Report: Tech Problems Plague Exchanges,,
,93,1/11/2013,European Regulators Propose Overhaul of Benchmark Interest Rate,,
,94,1/11/2013,Business Owners Reflect on Small Victories -- and the Dangers of Growth,,
,95,1/11/2013,Mourning Online for Pakistani Rights Activist Killed in Quetta Bombing,,
,96,1/11/2013,Colorado: Suspect in Aurora Massacre Will Face Trial,,
,97,1/11/2013,Newcomer Leads Sony Open,,
,98,1/11/2013,Anheuser-Busch Will Promote Two New Products in Super Bowl XLVII Ads,,
,99,1/11/2013,"Knicks Miss Anthony, and Too Many Shots, in Loss to Pacers",,
,99,1/11/2013,Errors Mount at High-Speed Exchanges in New Year,,
,99,1/11/2013,Biggio Cites Drug Issue in Hall Vote,,
,99,1/11/2013,Financial Crisis in the West Bank,,
,99,1/11/2013,Officer at Scotland Yard Is Guilty in Hacking Trial,,
,99,1/11/2013,"In Cyprus Bailout, Questions of Whether Depositors Should Shoulder the Bill",,
,99,1/11/2013,Minister Backs Out of Speech at Inaugural,,
,99,1/12/2013,Australian Open: Players to Watch ,,
,99,1/12/2013,Missing School for a Stint at the Australian Open,,
,99,1/12/2013,Missing School for a Stint at the Australian Open,,
,99,1/12/2013,Antique Cannon in Central Park Found Loaded,,
,99,1/12/2013,"A Seemingly Familial Unit Visits Boutiques, Looking for New Jeans",,
,99,1/12/2013,"In 2010 Portland Bomb Plot, a Question of Manipulation or Violent Extremism",,
,99,1/12/2013,"Fund-Raising Is Lagging, So Far, for Inaugural Plans",,
,99,1/12/2013,"On Subway Platforms, More Warnings for Riders",,
,100,1/12/2013,"Pictures From the Week in Business, Jan. 11",,
,101,1/12/2013,"Flu Season Deaths Reach Epidemic Level but May Be at Peak, C.D.C. Says",,
,101,1/12/2013,"A Shocking Death, a Financial Lesson and Help for Others",,
,101,1/12/2013,Information Technology Dividends Outpace All Others,,
,101,1/12/2013,Slim Gains in Markets Ahead of Earnings Reports,,
,101,1/12/2013,Regulators Will Review Boeing 787s for Safety,,
,101,1/13/2013,Australian Open Chronicles: Greetings from Down Under,,
,101,1/13/2013,Univision to Form an Internal Advertising and Media Unit,,
,102,1/13/2013,"Applause at Missoni, but an Empty Stage",,
,103,1/13/2013,Nissan Gives Leaf Owners a Preview of the 2013 Model ,,
,104,1/13/2013,A Son Risks His Life on the Highway,,
,105,1/13/2013,Peterson and Watt Chosen Unanimously as All-Pros,,
,105,1/13/2013,"Paying the Price, but Often Deducting It",,
,105,1/13/2013,Funds That Add Spices to the Stock-and-Bond Mix,,
,105,1/13/2013,When Markets Rise Above Politics,,
,105,1/13/2013,Venezuela Warns Opposition Against Vocal Dissent,,
,105,1/13/2013,Sides Sign Agreement; Training Camps to Open,,
,105,1/13/2013,"King of the Hill, Indeed, With a Price to Match",,
,105,1/13/2013,The 12.30.12 Issue,,
,105,1/14/2013,Agencies Push JPMorgan to Improve Risk Controls,,
,106,1/14/2013,"As Sales Lag, Nissan Cuts Price on Leaf Electric",,
,107,1/14/2013,A Parade of Floats for Obamas Inaugural ',,
,108,1/14/2013,Mississippi Yearning: Some Nissan Workers Want a Union Vote,,
,109,1/14/2013,Accounts and People of Note in the Advertising Industry,,
,109,1/14/2013,Big Fish' to Open on Broadway in the Fall',,
,110,1/14/2013,Fate of Herbalifes Stock May Lie With Government Agencies',,
,111,1/14/2013,Kids Draw the News: Miss America in Brooklyn,,
,112,1/14/2013,Stock Investing Isnt the Only Risk in Your Life',,
,113,1/14/2013,A Modest Proposal to Open Up Small-Business Credit,,
,114,1/14/2013,Swatch to Buy Watch and Jewelry Business of Harry Winston,,
,115,1/14/2013,This Week in Small Business: Nothing Magical?,,
,116,1/14/2013,PGA Tour Rookie Wins Sony Open,,
,116,1/14/2013,Youth Football League Official Is Dismissed,,
,116,1/14/2013,"Susan Nolen-Hoeksema, Psychologist Who Studied Depression in Women, Dies at 53",,
,116,1/14/2013,Kings Open Their Camp as Reigning Champions,,
,116,1/14/2013,Sharapova and Other Top Women Win Openers,,
,116,1/14/2013,"Crowned Miss America 2013, Living in a Borough of Ms.",,
,116,1/14/2013,News From the Advertising Industry,,
,116,1/14/2013,Rise in Health Premiums,,
,116,1/14/2013,Rise in Health Premiums,,
,116,1/14/2013,"Greece Sees Gold Boom, but at a Price",,
,116,1/14/2013,Hagel to Meet Schumer to Discuss Policy Issues,,
,116,1/14/2013,President of Sri Lanka Dismisses Chief Justice,,
,116,1/14/2013,"Eugene C. Patterson, Editor and Civil Rights Crusader, Dies at 89",,
,116,1/15/2013,Australian Open Chronicles: What Makes Melbourne Special,,
,116,1/15/2013,How Is Microsofts Surface Tablet Doing?',,
,117,1/15/2013,My Dark Materials: The Music of Depression,,
,118,1/15/2013,Parents Financial Support Could Hurt College Grades',,
,119,1/15/2013,The Incredible Burt Wonderstone' to Open SXSW Film Festival',,
,120,1/15/2013,Employers Also Chase Mutual Fund Performance,,
,121,1/15/2013,Investigation Into Fund Misses Mark,,
,122,1/15/2013,More Thoughts on Growing Your Business -- and Helping Employees,,
,123,1/15/2013,New Awards Program For Amtrak Riders,,
,124,1/15/2013,"Chargers Hire McCoy, Denvers Offensive Coordinator'",,
,125,1/15/2013,"For Nissan, a Designer  Fragrance to Float Among Its Cars at the Auto Show",,
,126,1/15/2013,Chinese Vase Said to Sell for Less Than Half Its Record-Setting Price,,
,127,1/15/2013,Credit Rating Agency Warns of Downgrade if Debt Limit Is Not Raised,,
,128,1/15/2013,The Nissan Versa Note Sure Looks Like a Hatchback ,,
,129,1/15/2013,Resonance Concept Signals Design Direction for Nissan,,
,130,1/15/2013,British Retailer HMV Enters Equivalent of Bankruptcy,,
,131,1/15/2013,Climate Scientist Backs Bill to Curb Emissions,,
,132,1/15/2013,Chelsea Clinton to Headline Inaugural Day of Service' Event',,
,133,1/15/2013,A Business Owner Goes Back to School,,
,134,1/15/2013,Rights of Passage,,
,135,1/15/2013,Indian Court Issues Warrant for Porsche C.E.O.s Arrest',,
,136,1/15/2013,Roche Hires Academic to Take Lead on Research,,
,136,1/15/2013,McIlroy&#8217;s Well-Remunerated Risk ,,
,136,1/15/2013,"Leaving Job to Raise Better Children, but Then Feeling the Financial Strain",,
,137,1/15/2013,"In Open Short of U.S. Men, Top Two Will Meet Early",,
,137,1/15/2013,States Will Be Given Extra Time to Set Up Health Insurance Exchanges,,
,137,1/15/2013,Parents&#8217; Financial Support May Not Help College Grades,,
,137,1/15/2013,"Death and Dying, the Animal Way",,
,137,1/15/2013,Obama and G.O.P. Issue Challenges on the Debt Limit,,
,137,1/15/2013,Concerns About Apple Weigh on S.&amp;P. and Nasdaq,,
,137,1/15/2013,Concerns About Apple Weigh on S.&amp;P. and Nasdaq,,
,137,1/16/2013,Build Your Own Inaugural Address,,
,137,1/16/2013,Inaugural Planners Spotlight Eight Citizens,,
,138,1/16/2013,Report Details Missteps in Trading at JPMorgan,,
,139,1/16/2013,Todays Scuttlebot: Walmart's Phone Asterisk and Tech Money Stories',,
,140,1/16/2013,A Minimalist House Near Oslo,,
,141,1/16/2013,Lawmaker Weighs In on Gun Issue,,
,142,1/16/2013,"Cadillac, Ford, Nissan and Lutz Win Design Awards",,
,143,1/16/2013,Lance Armstrong Opens Up to Oprah,,
,144,1/16/2013,Inaugural Committee Previews Weekends Festivities',,
,145,1/16/2013,Will Boeings Problems Benefit Its European Rival?',,
,146,1/16/2013,How Aaron Hernandez Opened a Throwing Window for Tom Brady,,
,147,1/16/2013,"Bolstered by Investments, Goldman Sachss Profit Soars'",,
,147,1/16/2013,Ten Hard-Earned Lessons About Selling a Business,,
,148,1/16/2013,Tax Exclusions for Health Insurance,,
,149,1/16/2013,Rights Group Reports on Abuses of Surveillance and Censorship Technology,,
,149,1/16/2013,"In Gun Debate, Even Language Can Be Loaded",,
,149,1/16/2013,Top Airlines in Japan Grounding Boeing 787s,,
,149,1/16/2013,"Missouri: Administrator, Gunman Wounded at School",,
,150,1/16/2013,Behind Double-Digit Premium Increases,,
,150,1/16/2013,Behind Double-Digit Premium Increases,,
,150,1/16/2013,Saudi Arabia: Egyptian Rights Lawyer Is Convicted on Smuggling Charges,,
,150,1/16/2013,Walmart Plans to Buy American More Often,,
,150,1/16/2013,"2 Senses Missing, 3 Others Step Up",,
,150,1/17/2013,Tribune Co. Names Chief After Ending Bankruptcy,,
,151,1/17/2013,Minimalism Wrapped in a Mystery,,
,151,1/17/2013,News and News Analysis': Navigating Fact and Opinion in The Times',,
,152,1/17/2013,Norwegian Cruise Line Prices I.P.O. at $19 a share,,
,153,1/17/2013,Highlights and Analysis: Knicks Defeat Pistons in London,,
,154,1/17/2013,Digital Notes: Amazon Enters Apples Phones to Compete on Music Downloads',,
,155,1/17/2013,"At Republican Retreat, Ryan Urges Unity on Fiscal Issues",,
,156,1/17/2013,No Comment Necessary: Conspiracy Nation,,
,157,1/17/2013,"Ratings for """"American Idol' Premiere Are Down Again",,
,158,1/17/2013,Wheelies: The Booming Business Edition,,
,159,1/17/2013,BlackRock Posts Record Profit as Investors Take On More Risk,,
,160,1/17/2013,Is Something Toxic Buried in Chinas Financial System?',,
,161,1/17/2013,Miller to Miss Rest of Year,,
,161,1/17/2013,"Yuri M. Schmidt, Rights Lawyer in Russia, Dies at 75",,
,161,1/17/2013,"Flooded Businesses Set Goal to Reopen, but Obstacles Emerge",,
,161,1/17/2013,"Flooded Businesses Set Goal to Reopen, but Obstacles Emerge",,
,161,1/17/2013,Report Criticizes School Discipline Measures Used in Mississippi,,
,161,1/17/2013,"At Many Top Public Universities, Intercollegiate Sports Come at an Academic Price",,
,161,1/17/2013,"At Many Top Public Universities, Intercollegiate Sports Come at an Academic Price",,
,161,1/17/2013,U.S. Military Stops Sending Detainees to Some Afghan Prisons on Rights Fears,,
,161,1/17/2013,Pakistan Says Preacher and Crowd at Risk,,
,161,1/17/2013,F.A.A. Statement Grounding Boeing 787s,,
,161,1/17/2013,F.A.A. Grounds U.S.-Operated Boeing 787s,,
,161,1/17/2013,Netanyahu Issues Veiled Barb in Response to Reported Criticism From Obama,,
,161,1/17/2013,A-List Guide to the Inauguration Parties,,
,161,1/17/2013,China Arrests 7 in New Effort to Stop Tibetan Self-Immolations,,
,161,1/17/2013,Problems at Boeing Lead Dow Lower,,
,161,1/17/2013,Leader Issues Populist Vows in Hong Kong,,
,161,1/18/2013,Attention Bus Riders: Special Blue Light Is Ending,,
,162,1/18/2013,Live Coverage of Obamas Second Inauguration',,
,163,1/18/2013,Girls' Ratings Down From Season 1 Premiere',,
,164,1/18/2013,Goldman Awards Blankfein $13.3 Million in Stock,,
,165,1/18/2013,"In a Dingy Studio, Making Hugh Jackman Audition ",,
,165,1/18/2013,How to Get Reasonably Priced Help With Investments,,
,166,1/18/2013,Theater Reopens in Aurora,,
,167,1/18/2013,Wheelies: The Chemistry Edition,,
,168,1/18/2013,Are Businesses Hesitant to Connect With Hispanic Consumers?,,
,168,1/18/2013,This Inauguration Brought to You by the State of New York,,
,169,1/18/2013,Opinion Report: Nimby,,
,170,1/18/2013,Cambodian Strongman and Karaoke King,,
,170,1/18/2013,"Querrey Exits, Leaving No American Men in Opens Second Week'",,
,170,1/18/2013,"At Australian Open, Tough Talk About Armstrong",,
,170,1/18/2013,Terrorism Charges Dismissed for Imam,,
,170,1/18/2013,Military Veterans to Dance With Obamas and Bidens at Inauguration,,
,171,1/18/2013,"Powerful Chemical Cocktail, With a Drawback",,
,172,1/18/2013,Keeping the Boats Moving Along a Mississippi Dwindled by Drought,,
,172,1/18/2013,Movement of Missiles by North Korea Worries U.S.,,
,172,1/18/2013,"Audit, Citing Mismanagement, Finds SUNY Downstate in Dire Fiscal Straits",,
,172,1/18/2013,American Express Income Falls On Expenses,,
,172,1/18/2013,Intel&#8217;s Profit Falls 27% as PC Sales Drop,,
,172,1/18/2013,"Rock, Paper, Scissors, Guitar and Sound",,
,172,1/18/2013,What Issue? Stern Wants More Audio Taping at N.B.A. Games,,
,172,1/18/2013,No Deal on Teacher Evaluations; City Risks Losing $450 Million,,
,172,1/18/2013,Top Players Overcome Opponents and Heat at Australian Open,,
,172,1/18/2013,"Skillet Brown Rice, Barley or Triticale Salad With Mushrooms and Endive",,
,172,1/19/2013,N.H.L. Replay: Opening Day,,
,173,1/19/2013,The Caucus Click: The Kids Inaugural',,
,174,1/19/2013,Gun-Rights Advocates Rally in Albany,,
,174,1/19/2013,"2 Producers, 3 Last-Minute Productions",,
,175,1/19/2013,"Slamdance Dispatch: A Long, Um, Productive Night",,
,176,1/19/2013,Inaugural Preparations in the Capital City,,
,177,1/19/2013,Disney World Horror Fantasy Raises Knotty Copyright Issues,,
,178,1/19/2013,Woods Misses Cut at Abu Dhabi Championship,,
,179,1/19/2013,More Money at Risk on Teacher Evaluations,,
,179,1/19/2013,"Pictures From the Week in Business, Jan. 18",,
,180,1/19/2013,Ukraine Government Plans to Charge Ex-Premier With Murder,,
,180,1/19/2013,Military Prosecutor Battles to Drop Conspiracy Charge in 9/11 Case,,
,180,1/19/2013,"Boeing Closer to an Answer, but Not to Getting 787s Back in the Air",,
,180,1/19/2013,Wisconsin: Governor Wins a Round in Fight Over Union Bargaining Rights,,
,180,1/19/2013,Lysacek Pulls Out of United States Figure Skating Championships,,
,180,1/19/2013,Commissioner Urges Action on Syria,,
,180,1/19/2013,Annotating the Second Inaugural Addresses,,
,180,1/20/2013,Female Veterans With Lives in Limbo,,
,180,1/20/2013,A Guide to Obamas Second Inauguration',,
,181,1/20/2013,"A.F.C. Championship Live Analysis: Ravens 28, Patriots 13",,
,182,1/20/2013,Obama and Redistribution,,
,183,1/20/2013,Chinas 'Lamborghini' Coefficient: Who's Getting Richer and Who Poorer?',,
,184,1/20/2013,"Jessica Levin, Jason Colombo",,
,185,1/20/2013,Mercury-Emissions Treaty Is Adopted After Years of Negotiations,,
,185,1/20/2013,Mercury-Emissions Treaty Is Adopted After Years of Negotiations,,
,185,1/20/2013,Financial Collapse: A 10-Step Recovery Plan,,
,185,1/20/2013,The 1.6.13 Issue,,
,185,1/21/2013,A Night of Inaugural Festivities,,
,185,1/21/2013,The Inaugural Fashion Front,,
,186,1/21/2013,Style at the Inauguration,,
,186,1/21/2013,Ataris U.S. Division Files for Bankruptcy, Hoping for a Sale',
,187,1/21/2013,Business Card Fractals,,
,188,1/21/2013,Berries Lower Heart Attack Risk in Women,,
,189,1/21/2013,"In Davos, a Chance to Rub Shoulders With the Elite of Business and Politics",,
,190,1/21/2013,Obamas 2013 Presidential Inauguration',,
,191,1/21/2013,Jumbotron Screen Malfunctions,,
,192,1/21/2013,Kelly Clarkson Sings at the Inauguration,,
,193,1/21/2013,Obamas Second Inauguration',,
,194,1/21/2013,2013 Inauguration: Obamas Swearing-In',,
,195,1/21/2013,The View from Butler: Bulldogs Overcome Absence of Missing Star,,
,196,1/21/2013,A Fashion First for the Designer Thom Browne at the Inauguration,,
,197,1/21/2013,How a Queens Home Became a Cradle of the Gay Rights Movement,,
,197,1/21/2013,Inauguration Preparations,,
,197,1/21/2013,Polands Push for Human Rights',,
,198,1/21/2013,Interesting Facts About Inauguration,,
,199,1/21/2013,This Week in Small Business: Facebook Search,,
,200,1/21/2013,Work in the Walmartocene ,,
,201,1/21/2013,Celebrating Inauguration Day and Martin Luther King Day,,
,202,1/21/2013,"Burhan Dogancay, Artist Inspired by Urban Walls, Dies at 83",,
,202,1/21/2013,Reproductive Justice,,
,202,1/21/2013,A Revamped Myspace Site Faces a Problem With Rights,,
,202,1/21/2013,A Downsized Boston Globe Opens Its Space for Community Uses,,
,202,1/21/2013,Dreamliner Troubles Put Boeing on Edge,,
,202,1/21/2013,"A Year After the Closing of Megaupload, a File-Sharing Tycoon Opens a New Site",,
,202,1/21/2013,"A Year After the Closing of Megaupload, a File-Sharing Tycoon Opens a New Site",,
,202,1/21/2013,360 Degrees at the Inauguration,,
,203,1/21/2013,A Night of Inaugural Festivities,,
,203,1/21/2013,Americans Gather for the Inauguration,,
,203,1/22/2013,Microsoft May Back Dell Buyout ,,
,203,1/22/2013,What Does Public Support in Obamas Second Inaugural Speech?',,
,204,1/22/2013,Landmarks Commission Approves Library Changes,,
,205,1/22/2013,Cable News Networks See Big Falloff From 2009 in Inauguration Ratings,,
,206,1/22/2013,"Reports Reveal Financial Challenges, but Few Solutions ",,
,207,1/22/2013,How Companies Can Sue Defendants in Insider Trading Cases,,
,208,1/22/2013,The Following' on Fox Opens With Good Ratings',,
,209,1/22/2013,Rajat Gupta Seeks Reversal of Insider Trading Conviction,,
,210,1/22/2013,Disco Inferno at Fire-Sale Prices as Studio 54 Items Go On the Block,,
,211,1/22/2013,   Beyonc&eacute;s Inauguration Performance: Live or Prerecorded?',,
,211,1/22/2013,Accounts and People of Note in the Advertising Industry,,
,211,1/22/2013,Polls Open Across Israel,,
,212,1/22/2013,What&rsquo;s an Islamist'? An 'Extremist'? Trying Not to Blur Language Lines',,
,213,1/22/2013,2013 Inaugural Ball,,
,213,1/22/2013,TSMC Anticipates Big Orders. Is Apple One of Them? ,,
,214,1/22/2013,Inauguration Day,,
,215,1/22/2013,"Once More, Li Reaches Semifinals",,
,215,1/22/2013,New Cornell Technology School Tightly Bound to Business,,
,215,1/22/2013,California Sheds Prisoners but Grapples With Courts,,
,215,1/22/2013,An Excerpted Inaugural Address,,
,215,1/22/2013,Thinner Syringes May Reduce Risk of H.I.V.,,
,215,1/22/2013,Debt Ceiling Optimism Lifts Markets Overseas ,,
,215,1/23/2013,Does Apple Need a Cheaper iPhone?,,
,216,1/23/2013,Australian Open Chronicles: Melbourne Memories ,,
,216,1/23/2013,"A Resurgent Netflix Beats Projections, Even Its Own",,
,217,1/23/2013,Distribution Options Grow at Sundance,,
,218,1/23/2013,Video Suggests Missile Hit Syrian University,,
,219,1/23/2013,Taymor To Direct Midsummer' As Inaugural Show For Theater's New Home',,
,219,1/23/2013,Beyonc&eacute;s Anthem Performance Prompts a Flurry of Analysis',,
,219,1/23/2013,"Your Finances, Illustrated With Photos",,
,220,1/23/2013,"Killer Penguins, Asteroids and Maple Leaves",,
,220,1/23/2013,More Than 20 Million Viewers Watched Coverage of Inauguration,,
,221,1/23/2013,U.S. Charges Three With Hacking,,
,222,1/23/2013,Museum of the City of New York Opens Renovated Floor,,
,223,1/23/2013,Where Dead Animals Seem Alive,,
,224,1/23/2013,Financial Crisis Suit Suggests Bad Behavior at Morgan Stanley,,
,225,1/23/2013,The Breakfast Meeting: How ESPN Missed the Hoax Story and Hard Times at Sundance,,
,226,1/23/2013,"For Dell Deal, Silver Lake May Find a Partner in Microsoft",,
,227,1/23/2013,Chipping Away at Poverty -- an Exchange,,
,228,1/23/2013,Daily Report: Microsoft May Back Dell Buyout,,
,228,1/23/2013,"At Davos, Financial Leaders Debate Reform and Monetary Policy",,
,228,1/23/2013,"At Davos, Financial Leaders Debate Reform and Monetary Policy",,
,228,1/23/2013,At This Years Jaipur Lit Fest, Feminism, the Dalai Lama and Cricket'
,229,1/23/2013,Brodeur Is Steady as Ever in the Devils&#8217; Home Opener,,
,229,1/23/2013,Spanish Stars Out of Davis Cup,,
,230,1/23/2013,"Honey From Red Hook Was Missing, and So Was the Right Reason",,
,230,1/23/2013,An Inaugural for the 21st Century,,
,230,1/23/2013,More Questions Are Raised in Boeing 787 Battery Fires,,
,230,1/23/2013,A Cold Shoulder for Russian Dissidents,,
,230,1/23/2013,The Missing President,,
,230,1/23/2013,Egypt: Rights Group Accuses Police of Using Torture and Violence,,
,230,1/23/2013,A Church Choir&#8217;s Show at the Inauguration Brings a Burst of Brooklyn Pride,,
,230,1/23/2013,Hagel and McCain Sit Down to Iron Out a Few Differences,,
,230,1/23/2013,Storm and Pension Costs Leave Verizon With Bigger Quarterly Loss,,
,230,1/24/2013,The Perils of DVRing the Australian Open',,
,230,1/24/2013,The Greenest and Meanest Cars in 2013,,
,231,1/24/2013,TimesOpen 2012: Behind the Music,,
,232,1/24/2013,Rangers Asham Will Miss Second Consecutive Game',,
,233,1/24/2013,Commissioner Overseeing MF Global Inquiry at C.F.T.C. Abruptly Quits,,
,234,1/24/2013,Critics of States Campaign Finance Laws Seek Philanthropists' Help',,
,235,1/24/2013,Manilow on Broadway' Opening Postponed Because of Illness',,
,236,1/24/2013,Guest Lesson | Reading One Today' and Other Inaugural Poems',,
,236,1/24/2013,"Video: For Investors, Apple Not as Shiny",,
,237,1/24/2013,Kissinger: Political Threats to Global Economy Abound,,
,238,1/24/2013,"Carb-Loving Dogs, DNA Storage and a Pool Full of Jelly",,
,238,1/24/2013,"For Investors, Apple Not as Shiny",,
,239,1/24/2013,Design Unveiled for the National Center for Civil and Human Rights,,
,240,1/24/2013,Octogenarian Opens Jaipur Lit Fest With Rousing Speech,,
,241,1/24/2013,Alan Blinder on the Lessons of the Financial Crisis,,
,241,1/24/2013,Thursday Reading: Revised Rules for Depression Diagnoses,,
,242,1/24/2013,The Breakfast Meeting: Assange Assails Propaganda' Film, and Netflix Surges',
,243,1/24/2013,Daily Report: Apples Stock Drops Despite Huge Profit',,
,244,1/24/2013,Republican Governors Open New Front in Tax Debate,,
,245,1/24/2013,Grief Over New Depression Diagnosis,,
,246,1/24/2013,SFJazz Center Opens in California,,
,247,1/24/2013,Luge Champion to Miss World Championships,,
,247,1/24/2013,"Linda Riss Pugach, Whose Life Was Ripped From Headlines, Dies at 75",,
,247,1/24/2013,"Intent on Being First, Cuomo Used All Means to Enact Gun Limits",,
,247,1/24/2013,"Attention, Narcissists",,
,247,1/24/2013,"Heady Returns, but Apple Finds Its Stock Falling",,
,247,1/24/2013,"Heady Returns, but Apple Finds Its Stock Falling",,
,247,1/24/2013,Inquiry Ordered in Death of Prosecutor Who Investigated Pakistani Premier,,
,247,1/24/2013,"Former Chinese Leader Steps Back, Fueling Speculation",,
,247,1/25/2013,Q&A: Upgrading to Microsoft Office 2013,,
,248,1/25/2013,"Could Rodriguez Miss Season? Yes. Is It Likely? No, Cashman Says",,
,249,1/25/2013,A New U.S. Racing Season Opens With the Rolex 24,,
,250,1/25/2013,"Amid a Shake-Up, JPMorgans Risk Officer Takes a Leave'",,
,251,1/25/2013,Who Made That Military Dog Tag?,,
,251,1/25/2013,On Lookout in Davos for Next Growth Story in Emerging Markets,,
,252,1/25/2013,Jim Courier Wins Australian Open Again,,
,253,1/25/2013,Li vs. Azarenka: A Study in Contrasts in Australian Open Final,,
,253,1/25/2013,Apple Takes Aim at Providers of Underage Laborers,,
,254,1/25/2013,"A Hedge Fund Dogfight, Live, Mesmerizes Wall Street",,
,254,1/25/2013,"A Hedge Fund Dogfight, Live, Mesmerizes Wall Street",,
,254,1/25/2013,Rubio and Paul Embody Conservative Debate Over Foreign Policy,,
,255,1/25/2013,G.O.P. Rebranding,,
,256,1/25/2013,AT&T Will Buy Some Verizon Spectrum for $1.9 Billion,,
,257,1/25/2013,Helicopter Parents Make Children Miss Milestones,,
,258,1/25/2013,Verizon Expands Shared Data Plans Into Business,,
,259,1/25/2013,"Coachella Headliners Include Stone Roses, Blur and Red Hot Chili Peppers",,
,260,1/25/2013,Wagner in First Place at the United States Figure Skating Championships,,
,260,1/25/2013,Armed Forces in Canada Resolved Issue Long Ago,,
,260,1/25/2013,Weighing Political Risk Against Mercy for Prisoners,,
,260,1/25/2013,Chemicals and the Body,,
,260,1/25/2013,"Commission That Oversees Drilling Is Being Overhauled, Even in Name",,
,260,1/25/2013,Office Product Sales Help 3M Meet Analysts&#8217; Expectations,,
,260,1/25/2013,Office Product Sales Help 3M Meet Analysts&#8217; Expectations,,
,260,1/25/2013,Microsoft Reports Drop in Profit,,
,260,1/25/2013,Struggling in Bronze: Figures Visit Central Park,,
,260,1/25/2013,Senator Unveils Bill to Limit Semiautomatic Arms,,
,260,1/25/2013,Mutations Found in Melanomas May Shed Light on How Cancers Grow,,
,260,1/25/2013,"In Desert Outposts, Border Agents Keep Watch",,
,260,1/25/2013,North Korea Issues Blunt New Threat to United States,,
,260,1/26/2013,A Closer Look at Azarenkas Australian Open Victory',,
,260,1/26/2013,As Open as the Genre It Celebrates,,
,260,1/26/2013,Commission to Seek Doping Tales From Cyclists,,
,260,1/26/2013,"Openly Gay, and Openly Welcomed in Congress",,
,260,1/26/2013,Rising TV Fees Mean All Viewers Pay to Keep Sports Fans Happy,,
,260,1/26/2013,"Dolours Price, Defiant I.R.A. Bomber, Dies at 61",,
,260,1/26/2013,"As Her Old School Faces the End, a Justice Reminisces",,
,260,1/26/2013,Pictures From the Week in Business,,
,261,1/26/2013,Norway: 3 Missing Gas Workers Confirmed Dead in Algeria,,
,261,1/26/2013,An Opening Argument in DePuy Hip Case,,
,262,1/26/2013,Chinese Party and Business Officials Fired in Sex Scandal ,,
,262,1/26/2013,Chambliss Announces Retirement From Senate,,
,262,1/26/2013,Murray Outduels Federer and Heads to Australian Open Final,,
,262,1/26/2013,"As Worries Ebb, Small Investors Propel Markets",,
,262,1/27/2013,Australian Open Replay: Djokovic Wins Title,,
,263,1/27/2013,Australian Open Notebook: Top Seeds Rule Play,,
,263,1/27/2013,"Cambridge, Cabs and Copenhagen: My Route to Existential Risk",,
,264,1/27/2013,An Ecolabel for McDonalds Fish Fare',,
,265,1/27/2013,"Emily Cooper, Adam Janvey",,
,265,1/27/2013,Emily Salas and Daniel Crowley III,,
,265,1/27/2013,Secret Donors Finance Fight Against Hagel,,
,265,1/27/2013,"Divided by Abortion, United by Feminism",,
,265,1/27/2013,A Seat Belt Reminder and a Smile,,
,265,1/27/2013,The 1.13.13 Issue,,
,265,1/27/2013,What Does It Mean to Be Comfortable?,,
,265,1/27/2013,War by Other Means,,
,265,1/27/2013,The Price of a Stolen Childhood,,
,265,1/28/2013,Nominee for Sheriff' Has Worn Banks' Hat ',,
,265,1/28/2013,Accounts and People of Note in the Advertising Industry,,
,265,1/28/2013,Is Stoudemire Returning to Form?,,
,266,1/28/2013,Buffett Said to Have Weighed Deal for NYSE Euronext,,
,267,1/28/2013,News From the Advertising Industry,,
,267,1/28/2013,Goldman Sachs to Sell $1 Billion Stake in Chinese Bank,,
,268,1/28/2013,"This Week In Small Business: 1,000 New Bankers",,
,269,1/28/2013,Behind the Cover Story: Emily Bazelon on Pornography and Punishment,,
,270,1/28/2013,Opening a Sketchbook and Finding a Spark,,
,271,1/28/2013,Dave Purchase Dies at 73; Led Early Needle Exchange,,
,272,1/28/2013,"For Former Kicker, the Price of Fearlessness",,
,272,1/28/2013,Property Rights Case,,
,272,1/28/2013,Mattel Is Reviving Max Steel Action Figure for a New Media Age,,
,272,1/28/2013,Keeping an Eye on Bouncing Prices Online,,
,272,1/28/2013,"Bangladesh Factory, Site of Fire That Trapped and Killed 7, Made European Brands",,
,272,1/28/2013,Djokovic Wears Murray Down for Australian Open Title,,
,272,1/29/2013,MF Globals Bankruptcy Nears a Happy Conclusion ',,
,273,1/29/2013,Its Pensioners on the Side of Hedge Funds Making Their Case Against Argentina',,
,274,1/29/2013,Streaming and Micropennies: The Footnotes,,
,275,1/29/2013,Norah Jones: Public Figure,,
,276,1/29/2013,Norah Jones: Risking Failure,,
,277,1/29/2013,For Rent: The New Microsoft Office,,
,278,1/29/2013,Polls vs. Markets,,
,279,1/29/2013,Bouillabaisse,,
,279,1/29/2013,Mississippi: Crews Cleaning Up Oil After Barge Crash,,
,280,1/29/2013,R.B.S. Stock Drops Amid Concerns of Potential Guilty Plea in Libor Case,,
,281,1/29/2013,Report Gauges Companies Approach to Advertising on Social Media',,
,282,1/29/2013,Missed Connection on the R Train,,
,283,1/29/2013,Tuesday Reading: The Risks of Taking a Shower,,
,284,1/29/2013,OpenTable to Acquire Foodspotting for $10 Million,,
,285,1/29/2013,Is S.E.C. Nominee Too Connected?,,
,286,1/29/2013,2020 Open at Winged Foot,,
,286,1/29/2013,Lopez Reminds Magic What They Could Have Had,,
,286,1/29/2013,Playing Whac-a-Mole With Piracy Sites,,
,286,1/29/2013,"Biotech Firms,",,
Billions at Risk,,,,,
Lobby States to,,,,,
Limit Generics',,,,,
,286,1/29/2013,Italy: U.S. Fighter Jet on a Training Mission Is Missing,,
,286,1/29/2013,Russia: Putin Dismisses Leader of a Caucasus Republic,,
,286,1/29/2013,And Now for Some Real-Life Enemies,,
,286,1/29/2013,Measure of Business Spending Improved 4.6% in December,,
,286,1/30/2013,"The Lady, the Dog and the Deli Sandwich Order",,
,287,1/30/2013,Ratings Drop for Season Premiere of Dallas'',,
,288,1/30/2013,With BlackBerrys New Name, an Abridged History of Corporate Rebranding',
,288,1/30/2013,Fiat and Alfa Brands Grow in New Chrysler Product Plan,,
,289,1/30/2013,The Price of Bad Bookkeeping,,
,290,1/30/2013,Would You Pay $6.2 Million for This Business?,,
,291,1/30/2013,Searching for a Way Out of Limbo,,
,291,1/30/2013,Missouri: Veterans in Single Grave Will Be Disinterred for Identification,,
,291,1/30/2013,Mississippi: River Remains Closed as Oil Cleanup Continues,,
,292,1/30/2013,Boeing 787 Battery Was a Concern Before Failure,,
,292,1/30/2013,Judge Dismisses Federal Suit Over Credit Histories in Hiring,,
,292,1/30/2013,"Laying Out Broad Principles, but Leaving Recourse Open",,
,292,1/30/2013,"To Open Eyes, W-2s List Cost of Providing a Health Plan",,
,292,1/30/2013,New Products and Cost Cuts Help Pfizer and Lilly Results ,,
,292,1/30/2013,New Products and Cost Cuts Help Pfizer and Lilly Results ,,
,292,1/30/2013,Catholics Mobilize to Defeat Philippine Politicians Who Backed Reproductive Law,,
,292,1/30/2013,Pfizer&#8217;s Earnings Strengthen Market Rally,,
,292,1/30/2013,"Home Prices Surge More Than 5%, the Most Since 2006",,
,292,1/30/2013,"Citing Critical Report, N.B.A. Agent Urges Players to Oust Union Leader ",,
,292,1/30/2013,"Israel Skips U.N. Review on Rights, a New Move",,
,292,1/31/2013,An Insistent Voice From Behind Bars,,
,292,1/31/2013,"Stoudemire, With a Reshaped Game, Is Fitting in Nicely",,
,293,1/31/2013,"Roomy Khan, Figure in Galleon Insider Case, Sentenced to One Year in Prison",,
,294,1/31/2013,Trader Accused of Misleading Clients Leaves Goldman Sachs,,
,295,1/31/2013,Shades of Casablanca ,,
,296,1/31/2013,Pfizer Spins Off Animal Health Unit in $2.2 Billion I.P.O. ,,
,297,1/31/2013,New Paul Taylor Work to Premiere at Vail International Dance Festival,,
,298,1/31/2013,Now Collaborating | DKNY for Opening Ceremony ,,
,299,1/31/2013,"In Nunn and Warner, a Reminder of the Tower Hearings",,
,300,1/31/2013,Ratings Shortfall at Nickelodeon Hurts Viacom Revenue,,
,301,1/31/2013,Hagels Opening Statement',,
,301,1/31/2013,Video of the Hagels Opening Statement',,
,302,1/31/2013,High-Risk Primaries Could Cost Republicans in 2014,,
,303,1/31/2013,"Nomura Earnings Rise 13%, but Miss Analysts Estimates'",,
,303,1/31/2013,Barcelona and Madrid Tie in Copa del Rey Semifinal,,
,303,1/31/2013,Federal Agents Raid Offices of Donor Linked to Senator Menendez,,
,303,1/31/2013,"An Admission by Singh, an Opportunity for the Tour",,
,303,1/31/2013,Governor Issues Ultimatum in Teacher-Evaluation Fight,,
,303,1/31/2013,Israel Ducks on Human Rights,,
,303,1/31/2013,Animation Basks in Oscar Spotlight,,
,303,1/31/2013,Nuclear Test Could Open Window on North Korea,,
,303,1/31/2013,Do You Know What Your Business Is Worth? You Should,,
,303,1/31/2013,Weak Economic Report Sends Markets Lower,,
,303,1/31/2013,Boeing Says No Change in Batteries Is Planned,,
