"Date","Direction","Headline"
"2011-11-01","0"," In Corzine Comeback, Big Risks and Steep Fall"," In Corzine Comeback, Big Risks and Steep Fall"," The Thanksgiving Help Line Is Open"," The Thanksgiving Help Line Is Open"," Rainbow Brights "," Rainbow Brights"," A Few Drinks a Week Raises Breast Cancer Risk"," A Few Drinks a Week Raises Breast Cancer Risk"," Cashew Apples, VW Bugs and Waterfalls in Pirenópolis, Brazil"," Cashew Apples, VW Bugs and Waterfalls in Pirenópolis, Brazil"," McCaskill's Campaign Prep: Lose 50 Pounds "," McCaskill's Campaign Prep: Lose 50 Pounds"," Inside MF Global's Bankruptcy Hearing"," Newspaper Circulation Figures Show Some Digital Growth"," Newspaper Circulation Figures Show Some Digital Growth"," Fraud and Loopholes Deliver Small-Business Contracts to Big Firms"," Fraud and Loopholes Deliver Small-Business Contracts to Big Firms"," Pandora Extends Its Reach to Businesses"," Pandora Extends Its Reach to Businesses"," Pfizer Reports Higher Profits and Share Buyback Plan"," Pfizer Reports Higher Profits and Share Buyback Plan"," Prayer for Relief to Miss Breeders' Cup Classic"," Prayer for Relief to Miss Breeders' Cup Classic"," Advice on Whittling Your Admissions Essay"," JPMorgan Shuffles Its Capital Markets Leadership"," JPMorgan Shuffles Its Capital Markets Leadership"," Judge Scuttles H&R Block Deal"," Judge Scuttles H&R Block Deal"," G4S Pulls Bid for Rival Security Firm ISS"," G4S Pulls Bid for Rival Security Firm ISS"," Credit Suisse Plans More Job Cuts Even as Profit Rises 12% "," Credit Suisse Plans More Job Cuts Even as Profit Rises 12%"," Trial Opens in Court-Martial of Soldier Tied to Afghan Killings"," Libya Names an Engineer as Premier"," Dissenting, or Seeking Shelter? Homeless Stake a Claim at Protests"," Florida: Prison Privatization Plan Is Scrapped"," ‘A Toad-Eat-Toad World,’ and Other Tales of Animal Cannibals"," New Mummy Insights, No Dissecting Needed"," A Reminder on Maintaining Bone Health"," Safety: Car Crashes Pose Greater Risk for Women"," Risks: Chronic Insomnia Raises Threat to Heart"," Sharp Drop for Stocks on Wall Street"," Europe's Sovereign Debt Crisis Stymies Financial Overhaul"," MF Global Bankruptcy Rattles Wall Street Firms"," Corzine-Led Firm is Said to be Eyed on Missing Funds"
"2011-11-02","1"," 26 Nations Defy Europe on Airline Emissions"," 26 Nations Defy Europe on Airline Emissions"," Apple Admits Software Bugs Hurting Battery Life in iPhone"," Apple Admits Software Bugs Hurting Battery Life in iPhone"," Players Lament Loss of Opening Day"," Players Lament Loss of Opening Day"," Ford Focus Electric to Be Priced at $39,995"," Ford Focus Electric to Be Priced at $39,995"," Sotheby's Sells Suite of Four Matisse Back Sculptures"," Sotheby's Sells Suite of Four Matisse Back Sculptures"," Nobel Winner Joins Hedge Fund "," Nobel Winner Joins Hedge Fund"," Lawyer to Look Into Cain Campaign Finances"," Lawyer to Look Into Cain Campaign Finances"," A Challenge to Europe's Airline Emissions Curbs"," A Challenge to Europe's Airline Emissions Curbs"," Wednesday Reading: A Few Drinks a Week Raise Breast Cancer Risk"," Wednesday Reading: A Few Drinks a Week Raise Breast Cancer Risk"," Be Careful: That Phrase Is Loaded"," Be Careful: That Phrase Is Loaded"," Iran: Finance Chief Survives Vote"," Colombia: Spy Agency Dissolved"," When Each Bad Storm Means More Dark Days"," Corruption Trial Opens for Lawmaker From Brooklyn Political Family"," California: Price for High-Speed Rail Doubles"," Production Slowed at Factories in October"," Soaring Prices of Corn Crimp A.D.M.’s Profit"," Making Nutrition a Sustainable Business in Haiti"," Donors Weigh the Ideals of Meaningful Giving"," U.S. Judge Bars a Suit for Victims of Madoff"," In the Company of Animals, Healing for Humans"," Auto Sales Reach an 8-Month High, Helped by Stable Gas Prices"," China Seeks $2.4 Million in Taxes From Dissident"," European Debt Crisis Tightens Its Chokehold on Global Markets"," Greek Revolt on Bailout Vote May Oust Prime Minister"," The Flavor of Apples and a Sip of Fall"," Its Sales Strong, Pfizer Increases a Share Buyback"," In Corzine Comeback, Big Risks and a Steep Fall"," Credit Suisse Misses Forecast And Plans 1,500 New Layoffs"," Breast Cancer Risk Found To Rise With a Few Drinks"," Lamb Necks Braised in Wine With Peppers"
"2011-11-03","1"," Protesters Arrested Outside Goldman Sachs Building"," Protesters Arrested Outside Goldman Sachs Building"," It's Not Too Late for Imprudent Speculation About Other Republican Candidates"," It's Not Too Late for Imprudent Speculation About Other Republican Candidates"," Democrats Target Romney on Reproductive Rights"," Democrats Target Romney on Reproductive Rights"," From 2,000 New Products, a Few Blue-Ribbon Ideas Emerge at SEMA"," From 2,000 New Products, a Few Blue-Ribbon Ideas Emerge at SEMA"," Growing Pains at Growing Businesses"," What Causes Should Philanthropic Groups Finance?"," What Causes Should Philanthropic Groups Finance?"," Cubs Dismiss Manager"," Having the Watchdogs to Tea"," Plan to Issue New Permits for Parking Is Debated"," Clorox Says Higher Prices Helped Lift Revenue"," Low Cash Flow Threatens China"," Of Gemini and Fauns and Glimpses of the Past"," Syms and Filene&#8217;s Basement File for Bankruptcy Protection"," Australian Connection to a Premier Matchup"," A New Way to Achieve Civil Rights?"," A Minimalist Loft in Greenwich Village"," A Minimalist Loft, With Touches of Chipotle"," A Barstool That Offers a Seat on the 50-Yard Line"," An Opening for Some Song and Dance"," Israel Tests a Long-Range Missile"," Relief Is Slow to Reach Cambodia Flood Victims"," Fears of Fission Rise at Stricken Japanese Plant"," Yvonne McCain, Plaintiff in Suit on Shelter for Homeless Families, Dies at 63"," An Opening Day Without the N.B.A."," Greek Premier Pledges Vote in December on Debt Deal"," Agreeing to Sell, McCourt Gives Dodgers Fans Hope"," Markets Rebound but Remain on Edge"," Denim's Future, Long Term and Short"," Don't Judge These Earphones by Their Price"," Sotheby's Sells a Set Of Four Matisse Sculptures"
"2011-11-04","0"," Apple Doles Out Stock to Keep Top Executives"," Apple Doles Out Stock to Keep Top Executives"," Big Apple Circus"," Torrisi Partners Will Open a Restaurant on Thompson Street"," Torrisi Partners Will Open a Restaurant on Thompson Street"," Levine Withdraws Again From Met Production"," Levine Withdraws Again From Met Production"," Dippin' Dots, 'Ice Cream of the Future,' Files for Bankruptcy"," Dippin' Dots, 'Ice Cream of the Future,' Files for Bankruptcy"," Watchdog Asks F.E.C. to Investigate Cain Campaign"," Watchdog Asks F.E.C. to Investigate Cain Campaign"," TimesOpen: Social Media on Nov 14"," Off the Charts: Excess Stock Market Volatility"," News Corp. Starts Compensation Process for Phone Hacking Claims"," News Corp. Starts Compensation Process for Phone Hacking Claims"," I Do Not Think That Word Means What You Think It Means, Hypocrisy Edition"," I Do Not Think That Word Means What You Think It Means, Hypocrisy Edition"," DealBook: Groupon Shares Spike 40%, to Open at $28"," DealBook: Groupon Shares Spike 40%, to Open at $28"," The Lasting Financial Impact of a Layoff"," The Lasting Financial Impact of a Layoff"," Vatican Gardens Open to Public Tours"," Vatican Gardens Open to Public Tours"," Being Texan Doesn’t Mean You Support Perry for President"," After 20 Years in Partnership, an Educational Combo Is Getting a Messy Divorce"," Victories, Not Symbolism"," Oakland’s Symphony Season Opens, Mixing It Up"," A Place at School Where Students Can Unload Stress and Worry"," Djokovic and Roddick Move On at Swiss Indoors"," Bank of America Plans Stock Swap to Cut Debt"," 50 N.B.A. Players Considering Dissolution of Union"," Another Tibetan Nun Dies by Self-Immolation in China"," 3 Pakistan Cricket Players and Agent Get Prison Terms in Fixing Case"," Stocks Climb After Interest Rate Cut in Europe"," Greek Leader Calls Off Referendum on Bailout Plan"," As Islamic Feast Nears, a Market Stocks Up"," Anti-Washington: Perry Criticizes I.R.S. and Bailouts"
"2011-11-05","0"," Carbo Loading for the Masses"," Live Analysis: Drosselmeyer Wins Breeders' Cup Classic"," Live Analysis: Drosselmeyer Wins Breeders' Cup Classic"," Derivatives Cut Into Profit at Berkshire Hathaway"," MF Global Clients Left in Limbo"," Live Analysis: L.S.U. and Alabama, Among Other Games"," Live Analysis: L.S.U. and Alabama, Among Other Games"," Derivatives Cut Into Profit at Berkshire Hathaway"," MF Global Clients Left in Limbo"," India: Tibetan Activist Sets Himself on Fire"," Derivatives Cut Into Berkshire Hathaway’s Profit"," Pursuing a Piracy Claim Against Apple"," Crew Ends Trek to Mars, Mock Mission Accomplished"," Pursuing Self-Improvement, at the Risk of Self-Acceptance"," The Week’s Business News in Photos"," A Divorce Seems to Resound and the Real Issue Is, Why?"," A Reminder"," Business Briefing | Finance: Operating Profit Falls at Royal Bank of Scotland"," Levine Withdraws Again From a Met Production"," Political Memo: Missed Jobs Forecast in 2009 Resonates in Campaign"," Business Briefing | Finance: Write-Downs Lead to a Quarterly Loss at KKR"
"2011-11-06","0"," Bodies in Motion: An Exchange"," Bodies in Motion: An Exchange"," For Clues to U.S. Stocks, Look at Greek Bonds"," Reports Detail the Chase for Freed Exotic Animals"," Risks Seen in Perry Plan for Switch to Pensions"," Perry the Antigovernment Politician Meets Perry the Government Beneficiary"," Kickers Are Becoming Can’t-Miss Performers"," Animation Joins Jazz At the Next Wave Festival"," Keeping Operas, And His Life, In Brisk Motion"," The Hidden Meaning of Hand-Raising"," A Star Who Isn’t Afraid to Take Risks"," The Blog: Price Set for Electric Ford"," Remix: Styled to A T"," Remix: Style to a T"," A Reminder"," The Hidden Meaning of Hand-Raising"
"2011-11-07","1"," Journalists Overhear Private Exchange Between Obama and Sarkozy, Report Says"," Journalists Overhear Private Exchange Between Obama and Sarkozy, Report Says"," Murdoch-Owned Tabloid Had Lawyers Investigating Phone Hacking Followed"," Murdoch-Owned Tabloid Had Lawyers Investigating Phone Hacking Followed"," The Critic, the Commissioner and the Bike Lanes"," The Critic, the Commissioner and the Bike Lanes"," The Art of, and on, the Chez Panisse Menu"," The Art of, and on, the Chez Panisse Menu"," In Washington, Golden Reminders of England's Dark Age"," In Washington, Golden Reminders of England's Dark Age"," DealBook: Best Buy Pays $1.3 Billion for Cellphone Business"," DealBook: Best Buy Pays $1.3 Billion for Cellphone Business"," This Week in Small Business: An Asteroid?"," This Week in Small Business: An Asteroid?"," Financial Big Lies"," Financial Big Lies"," In New Visa Campaign, Ned Is the Man"," In New Visa Campaign, Ned Is the Man"," Making a Boeing 737 More Like a Prius"," Making a Boeing 737 More Like a Prius"," Best Buy Pays $1.3 Billion for Cellphone Business"," Best Buy Pays $1.3 Billion for Cellphone Business"," Missouri Officially Joins SEC"," Satirical Song, a YouTube Hit, Challenges Extremism in Pakistan"," News From the Advertising Industry"," For Markets in Europe, the Focus of Fear Moves to Italy"," Bit by Bit, Work Exchange Site Aims to Get Jobs Done"," Online and by Paper Airplane, Contributions Pour In to Chinese Dissident"
"2011-11-08","1"," Democrats Criticize Romney for Opposing Auto Bailout "," Democrats Criticize Romney for Opposing Auto Bailout"," Would a Swiss Bank Mash-Up Work?"," Would a Swiss Bank Mash-Up Work?"," Japanese Company Develops Robot Guide Dog"," Japanese Company Develops Robot Guide Dog"," 200 Years Later, France Claims a Missing Artwork"," 200 Years Later, France Claims a Missing Artwork"," Mission Accomplishment: Exploring Veterans' Challenges and Achievements "," Mission Accomplishment: Exploring Veterans' Challenges and Achievements"," A Board Complicit in MF Global's Bets, and Its Demise"," A Board Complicit in MF Global's Bets, and Its Demise"," Many Employers Have Restored Suspended 401(k) Matches, Analysis Finds"," Many Employers Have Restored Suspended 401(k) Matches, Analysis Finds"," I Do Not Think That Word Means What Politico Thinks It Means"," I Do Not Think That Word Means What Politico Thinks It Means"," Hey, Officer! What Do You Mean I'm a Skylarker?"," Hey, Officer! What Do You Mean I'm a Skylarker?"," Depression Drug Results Disappoint Targacept and AstraZeneca"," Mixing Business and Pleasure in Silicon Alley"," Christie's Backing Starts Paying Dividends for Romney"," Christie's Backing Starts Paying Dividends for Romney"," Yum Brands Cleared on Little Sheep Deal"," Fired From a Shelter After Photographing the Animals"," Fired From a Shelter After Photographing the Animals"," Credit Suisse to Turn Over Data on Some U.S. Accounts"," Credit Suisse to Turn Over Data on Some U.S. Accounts"," What's Behind Dynegy's Unusual Bankruptcy"," What's Behind Dynegy's Unusual Bankruptcy"," Vermont: New Bridge Opens"," Australian Senate Approves Emissions Trading Plan"," For McNamara, a Final Out That Wasn’t Meant to Be"," Euro Zone Urges Greek Parties to Commit to Bailout Terms"," Tower Has Its Own Lawn, but Neighbors Still Look for Their Open Space"," On Election Day, the Candidates Have No Monopoly on Stress"," Poison Centers Facing Greater Risks All Around"," Businesses Feel the Pinch as China Tightens Lending"," Risks: I.V.F. Brings a Slightly Higher Cancer Risk"," Judge Orders 3M to Pay $1.3 Million"," Berlusconi Dismisses Resignation Reports"," Swiss Consumer Price Index Falls 0.1%"," St. John's Opens Well"
"2011-11-09","0"," Michigan Governor Warns Candidates on Auto Bailout"," Michigan Governor Warns Candidates on Auto Bailout"," Sources Say EMI Sale Will Split Company in Two"," Sources Say EMI Sale Will Split Company in Two"," Images and Ink: Identifying Significant Science Symbols"," Images and Ink: Identifying Significant Science Symbols"," Global Markets Are Buffeted as Italian Bond Yields Surge"," Global Markets Are Buffeted as Italian Bond Yields Surge"," TimesCast | Italy's Financial Crisis"," Tip of the Week: Selecting the Right Program to Open a File"," Tip of the Week: Selecting the Right Program to Open a File"," ESPN Acquires Rights to Euro Playoffs (but There's a Twist)"," ESPN Acquires Rights to Euro Playoffs (but There's a Twist)"," Judge to Release Summary of Detective's Notes in British Phone-Hacking Scandal"," Judge to Release Summary of Detective's Notes in British Phone-Hacking Scandal"," For Soldiers, the End of the Mail Means the End of the War"," For Soldiers, the End of the Mail Means the End of the War"," Early Admission Returns to Princeton, and So Do the Applicants"," Early Admission Returns to Princeton, and So Do the Applicants"," How Bubbles Affect Our Financial Behavior"," How Bubbles Affect Our Financial Behavior"," For an Immigrant, a Shrinking Business and a Maze of Obstacles  "," For an Immigrant, a Shrinking Business and a Maze of Obstacles"," My Grand Experiment: Turning Off AdWords"," My Grand Experiment: Turning Off AdWords"," Gay Rights, Homophobic Wrongs"," Gay Rights, Homophobic Wrongs"," A Start-Up Offers Help With Advertising on Facebook"," A Start-Up Offers Help With Advertising on Facebook"," Red Sox Keep Ticket Prices the Same After September Collapse"," Louisiana: BP’s Cleanup Mission Ends"," Postwar and Contemporary Artworks Draw Record Prices at Christie&#8217;s"," U.S. to Open New Areas to Offshore Drilling"," Ohio Turns Back a Law Limiting Unions’ Rights"," How a Financial Pro Lost His House"," Pandit Proposes Benchmark for Comparing Banks’ Risks"," Cooper Union’s Finances"," Amid Anger Over Idea of Charging Tuition, an Inquiry Is Urged on Cooper Union’s Finances"," Haiti: Group Seeks $250 Million From U.N. Over Cholera Epidemic"," Creating a Pantheon of Beloved Underdogs"," Markets Turn Higher After Berlusconi Offers to Resign"," Mississippi Voters Reject Anti-Abortion Measure"," A Board Complicit in MF Global's Bets, and Its Demise"," Swiss Order Bank to Give Account Data"," Figures Show Some Signs Labor Market Is Easing"," Paid Notice: Deaths  CASAGRANDE, STEPHANIE WORTH"
"2011-11-10","1"," German-American Relations Paying Dividends"," German-American Relations Paying Dividends"," The Danger of Contagion From Europe"," Posada's Former Teammate Dissects His Own Path"," Posada's Former Teammate Dissects His Own Path"," Apple Uses Over-the-Air Software Update"," &#8216;60 Minutes&#8217; to Look at Lawmakers and Stocks"," '60 Minutes' to Look at Lawmakers and Stocks","   iOS and Android App Downloads Expected to Hit 25 Billion in 2011"," iOS and Android App Downloads Expected to Hit 25 Billion in 2011"," Q&A: An Apple Software Error on a Windows System "," Q&A: An Apple Software Error on a Windows System"," Apple's AssistiveTouch Helps the Disabled Use a Smartphone"," Apple's AssistiveTouch Helps the Disabled Use a Smartphone"," Apple Takes iTunes to Other Kinds of Payments"," Apple Takes iTunes to Other Kinds of Payments"," In MF Global's Wake, Regulators to Audit All Futures Firms"," In MF Global's Wake, Regulators to Audit All Futures Firms"," Starbucks Buys Premium Juice Maker"," Starbucks Buys Premium Juice Maker"," Rick Perry's Intrade Flash Crash"," Rick Perry's Intrade Flash Crash"," Michael White to Open an East Village Pizzeria"," Michael White to Open an East Village Pizzeria"," Thursday Reading: Home Generators Become Status Symbols"," Thursday Reading: Home Generators Become Status Symbols"," The Fed as Euro-Contagion Inoculator?"," Sikhs Celebrate Guru Purab"," Sikhs Celebrate Guru Purab"," Running on Natural Gas, Magnolia Special Roadster Completes Cross-Country Drive"," Running on Natural Gas, Magnolia Special Roadster Completes Cross-Country Drive"," Medical Schools Neglect Gay and Gender Issues"," Is Europe on the Verge of a Depression, or a Great Inflation?"," Is Europe on the Verge of a Depression, or a Great Inflation?"," Nov. 10, 1982 | Vietnam Veterans Memorial Opens in Washington"," Nov. 10, 1982 | Vietnam Veterans Memorial Opens in Washington"," Justices Likely to Overturn California Law Against Slaughtering ‘Downer’ Animals"," As Stocks Fall, Art Surges at a $315.8 Million Sale"," The Role of Regulation in Holding Back Business"," Alabama Governor Fails to Prevent County’s Record $4 Billion Bankruptcy Filing"," Cranbrook Art Museum Reopens"," Sales at Green Depot, Denyse Schmidt and Others"," Russia Dismisses Calls for New U.N. Sanctions on Iran"," For Beethoven and Eliot, Missed Connections"," Italy Pushed Closer to Financial Brink"," E.U. to Tighten Web Privacy Law, Risking Trans-Atlantic Dispute"," Fear of Contagion Rocks Markets"," Fear of Contagion Rocks Markets"," Paid Notice: Deaths  STERN, JOANNE MELNIKER"," Business Leaders May Want Regents Chief to Run for Mayor, but She Isn't Interested"," Check Point: The Role of Regulation In Holding Back Business"," Turning Off AdWords"," Signature Postpones Its Albee Premiere"
"2011-11-11","1"," Nissan to Market D.C. Fast Charger for Under $10,000"," Nissan to Market D.C. Fast Charger for Under $10,000"," Hi-Fi Phone Earbuds at a Sound Price"," Hi-Fi Phone Earbuds at a Sound Price"," The Topsy-Turvy Dynegy Bankruptcy"," The Topsy-Turvy Dynegy Bankruptcy"," The Minimalist: Baked Broccoli Rabe With Parmesan"," The Minimalist: Baked Broccoli Rabe With Parmesan"," Penn State Ticket Prices Fall Sharply After Firing"," Penn State Ticket Prices Fall Sharply After Firing"," Police Open Investigation of Sino-Forest"," Police Open Investigation of Sino-Forest"," DealBook: EMI Record Label Sold to Vivendi for $1.9 Billion"," DealBook: EMI Record Label Sold to Vivendi for $1.9 Billion"," Vivendi to Buy EMI's Recorded Music Business for $1.9 Billion"," Vivendi to Buy EMI's Recorded Music Business for $1.9 Billion"," Vivendi to Buy EMI's Recorded Music Business for $1.9 Billion"," Vivendi to Buy EMI's Recorded Music Business for $1.9 Billion"," Stars Come Out to Tell Train Riders Not to Smoke"," Stars Come Out to Tell Train Riders Not to Smoke"," Vivendi in $1.9 Billion EMI Deal"," Vivendi in $1.9 Billion EMI Deal"," Art Exchange Makes Prado in Madrid a 'Mini-Hermitage'"," Art Exchange Makes Prado in Madrid a 'Mini-Hermitage'"," Liquidity Traps And Hawaiian Shirts"," Liquidity Traps And Hawaiian Shirts"," Word of the Day | caprice"," Word of the Day | caprice"," Funny Faces Meant to Whet Buyers’ Appetites"," Landis Guilty in Hacking"," As Oil Production Rises, Libya Expects to Hit Prewar Levels by June"," Bankruptcy Rarely Offers Easy Answer for Counties"," Finding a Quality Drink at an Affordable Price in New York"," Distortions In Baffling Financial Statements"," Benchmark Interest Rate In Britain Unchanged"," STATES' RIGHTS: Obama Urged to Veto Gun Bill"," Futures Trading Firms in U.S. Will Face Federal Audit"
"2011-11-12","0"," Caterpillar Shifts Some Tractor Work to Americas"," Net Migration: A Bigger Apple"," EMI Is Sold for $4.1 Billion in Combined Deals, Consolidating the Music Industry"," Renaissance Works in Which Exceptions Rule"," The Week’s Business News in Photos"," Picking Brand Names in China Is a Business Itself"," Brands Lost in Translation"," Premier Says Japan Will Join Pacific Free Trade Talks"," Stocks Jump As the Crisis In Europe Eases a Bit"," Stocks Jump As the Crisis In Europe Eases a Bit"," Stocks Jump As the Crisis In Europe Eases a Bit"," Advertising: Two Units of MDC Partners Are Merging"
"2011-11-13","0"," A New Civil Rights Movement"," Restoring Gun Rights to Felons"," Emily Maynes, David Wardrop"," Obama Sees an Opening on China Trade"," Sprinkle Chili Powder Over the Pineapple and Throw In Crab Meat? Why Not?"," Markets in Sync: Finding the Downbeat"," Matching Volunteers to the Right Missions"," Animal McMansion: Students Trade Dorm for Suburban Luxury"," Missouri to SEC Ignites a War of Words"," Tackling the 49ers’ Gore Doesn’t Mean You’ve Stopped Him"," Norton Dodge Dies at 84; Stored Soviet Dissident Art"," New Canaan’s New Openness to Affordable Housing"," New Canaan’s New Openness to Affordable Housing"," Retiring Without a Home Loan"," Hemingway at Sea"," The Meaning of Freedom"," Payne’s Productive Period"," Gilad Shalit and the Rising Price of an Israeli Life"," Mission To Mars"
"2011-11-14","0"," The Conspiracy at Lick Creek"," The Conspiracy at Lick Creek"," Taking, and Restoring, the Rights of Felons"," Behind the Cover Story: Ronen Bergman on the Gilad Shalit Swap"," Behind the Cover Story: Ronen Bergman on the Gilad Shalit Swap"," Credit Suisse Changes Compensation Practices"," Credit Suisse Changes Compensation Practices"," A Wave of Partner Retirements at Goldman Sachs"," A Wave of Partner Retirements at Goldman Sachs"," Ask About Restoring Gun Rights to Convicted Felons"," Ask About Restoring Gun Rights to Convicted Felons"," Accounts and People of Note in the Advertising Industry"," Numberplay: The Missing Slice"," Numberplay: The Missing Slice"," More Depression for Mothers and Singles With Breast Cancer"," More Depression for Mothers and Singles With Breast Cancer"," Investigation Into Saturn Aura Transmission Flaws Is Broadened"," Investigation Into Saturn Aura Transmission Flaws Is Broadened"," Opinion Report: Civil Rights in Alabama"," This Week in Small Business: Focus!"," This Week in Small Business: Focus!"," For McConnell, a Case for Divided Government"," For McConnell, a Case for Divided Government"," Do You Shop at Locally Owned Businesses?"," Do You Shop at Locally Owned Businesses?"," The Black Market Peso Exchange's NRI Connection "," The Black Market Peso Exchange's NRI Connection"," Jets Reminded Who’s in Charge"," A Child Who’s Picky About Dogs, and Other NYTimes.com Reader Tales"," After an Anti-Semitic Episode, a March With a Message"," Takahashi Misses Quad but Captures Men’s Title"," Emirates Airline Places Big Order for Boeing Jets"," Internet Architects Warn of Risks in Ultrafast Networks"," EMI and Warner Not Meant to Be"," Traffic to Stymie Even the Batmobile Shows the Two Sides of Movie Production"," Felons Finding It Easy to Regain Gun Rights"," Massachusetts Mulls Letting Bars Offer Happy Hours"," Woods’s Two-Year Drought Nearly Ends in Australian Open"," News From the Advertising Industry"," At His Essence, Smokin’ Joe Was More Than Just a Symbol"," Returning One Kind of Kiss With a Kiss-Off"," At Least Six Are Killed as Libyan Militias Clash on Coastal Highway Near Tripoli"," Paying by iPhone At Apple Stores"," New From Japan: Robotic Guide Dog"
"2011-11-15","1"," Debating Legacy Preferences in Admissions"," Debating Legacy Preferences in Admissions"," Apple Releases iOS Update With Fix for Battery Drain"," Apple Releases iOS Update With Fix for Battery Drain"," Netflix Goes Android First, but Barely"," What Are the Best Apples for Apple Pie?"," What Are the Best Apples for Apple Pie?"," Brant's SP Newsprint Files for Bankruptcy"," Brant's SP Newsprint Files for Bankruptcy"," What Are the Best Apples for Apple Pie?"," Facebook Timeline Bumps Online Narcissism Up a Notch"," Facebook Timeline Bumps Online Narcissism Up a Notch"," Apple Makes Changes to Its Board"," Apple Makes Changes to Its Board"," Levin and McCain Strike Deal Over Detainee Handling"," Levin and McCain Strike Deal Over Detainee Handling"," A Mission's Troubles Offer Window on an Unsteady Region in Afghanistan"," A Mission's Troubles Offer Window on an Unsteady Region in Afghanistan"," Answers on Felons and Gun Rights"," Answers on Felons and Gun Rights"," Daily Report: Apple Now Wants Your Workplace"," Daily Report: Apple Now Wants Your Workplace"," F.D.A. Is Urged to Issue More Alerts About Drug Risks"," F.D.A. Is Urged to Issue More Alerts About Drug Risks"," Fee-Free A.T.M.s, in Exchange for Advertising"," Fee-Free A.T.M.s, in Exchange for Advertising"," Court Health Care Decision Poses Risks For Romney"," Court Health Care Decision Poses Risks For Romney"," Nisshin Steel and Nippon Metal to Merge"," Nisshin Steel and Nippon Metal to Merge"," Farewell to the Business Center"," Even in Bankruptcy, Dodgers Can Make Big Offer to Kemp"," Sending a Harsh Message, U.S. Issues First Fine for Tarmac Delays"," Britain: Missiles May Be Used to Protect Games"," Bishops Open ‘Religious Liberty’ Drive"," In China, Car Brands Evoke an Unexpected Set of Stereotypes"," In the Wild, Finding More Than a Feminine Side"," Medical Nuances Drove ‘No’ Vote in Mississippi"," Biochemistry: Scientists Decode the Protective Element Sickle Cell Anemia Offers Against Malaria"," Hazards: Solvent Linked to Higher Parkinson’s Risk"," Friend-of-Court Filings Mushroom, and a Law Professor Takes Issue"," At Goldman Sachs, an Unusual Number of Retirements Among the Partners"
"2011-11-16","0"," Electronics Price Predictor Is Now Mobile"," Electronics Price Predictor Is Now Mobile"," Visa to Offer Mobile Payments in Developing Nations"," Visa to Offer Mobile Payments in Developing Nations"," With MF Global Money Still Missing, Suspicions Grow"," With MF Global Money Still Missing, Suspicions Grow"," Tea Party Group Presents Its Own Debt Commission Report"," Tea Party Group Presents Its Own Debt Commission Report"," Delphi Prices at $22 a Share"," Delphi Prices at $22 a Share"," Angie's List Prices Offering at $13 "," Angie's List Prices Offering at $13"," Google Opens a Digital Music Store"," Google Opens a Digital Music Store"," Where Is Microsoft's Office for Tablets? "," Dodgers Sue Prime Ticket in TV Rights Dispute"," Dodgers Sue Prime Ticket in TV Rights Dispute"," Pepper Spray and Ayn Rand Deployed Against Occupy Seattle Protesters"," Pepper Spray and Ayn Rand Deployed Against Occupy Seattle Protesters"," Sleeping vs. Lying Down, and Other Murky Issues"," Sleeping vs. Lying Down, and Other Murky Issues"," Agent Says Cuban Defector Plans to Be in Big Leagues"," Agent Says Cuban Defector Plans to Be in Big Leagues"," Coda Prices Sedan at $40,795"," Coda Prices Sedan at $40,795"," When Did Childbirth Become Everyone's Business?"," When Did Childbirth Become Everyone's Business?"," Live Updates: Inside MF Global's Bankruptcy Hearing"," Live Updates: Inside MF Global's Bankruptcy Hearing"," Where Is Microsoft's Office for Tablets?"," Reform Adds More Twists to a Convoluted Derivatives World"," Reform Adds More Twists to a Convoluted Derivatives World"," McCartney Letter Seeking Drummer for Beatles Sells for $55,000"," McCartney Letter Seeking Drummer for Beatles Sells for $55,000"," Pose Retirement Questions to a Financial Planner"," Pose Retirement Questions to a Financial Planner"," Where to Find Holiday Gifts in Rome's Markets"," Where to Find Holiday Gifts in Rome's Markets"," Bollywood's 'Rockstar' Disappoints Tibetans"," Bollywood's 'Rockstar' Disappoints Tibetans"," Federal Judge Dismisses Lawsuit Against Iverson"," Cargill MacMillan Jr., Agribusiness Heir, Dies at 84"," Novelist Fights the Tide by Opening a Bookstore"," Braised Carrots with Cumin and Red Pepper"," Cabbage With Apples, Onions and Caraway"," Dell’s Profit Improves as Sales Miss Expectations"," When a Dog Is Hit by a Car"," Apple Appoints New Chairman and Elects Disney’s Chief to Board"," Meyer Discusses and Dismisses Arizona Job"," The Reanimator"," F.H.A. Audit Sees Possible Bailout Need"," Iraqi Cabinet Approves Royal Dutch Shell’s Natural Gas Contract"," After an Earlier Misstep, a Minutely Planned Raid"," Once Wary, Apple Warms Up to Business Market"," Signs of Broad Contagion in Europe as Growth Slows"," City Reopens Park After Protesters Are Evicted"," Cart Before Horse Dept.: A Cain Cabinet? No Kissinger, to Start"
"2011-11-17","0"," 2013 Spark Broadens, but Doesn't Ignite, Chevrolet Product Portfolio"," 2013 Spark Broadens, but Doesn't Ignite, Chevrolet Product Portfolio"," Channel Surfing: The Shrimp Combo Platter"," Channel Surfing: The Shrimp Combo Platter"," Banks in Italy Find an Unusual Liquidity Lifeline"," Banks in Italy Find an Unusual Liquidity Lifeline"," Dead Dog Comes Back to Haunt Artist"," Dead Dog Comes Back to Haunt Artist"," Not Two Words, but One; Trust Becomes an Issue"," Not Two Words, but One; Trust Becomes an Issue"," Coda and General Electric, Joined at the Power Cord"," Coda and General Electric, Joined at the Power Cord"," Recapping TimesOpen: Social Media"," Online Advertising Group Hires New Chief"," Online Advertising Group Hires New Chief"," Day 2: Inside MF Global's Bankruptcy Hearing"," Day 2: Inside MF Global's Bankruptcy Hearing"," Welcome to the News Business, Ms. Clinton"," Welcome to the News Business, Ms. Clinton"," Media Decoder: Google Opens a Digital Music Store"," Gadgetwise: Electronics Price Predictor Is Now Mobile"," Illinois: Chicago Budget Gets Unanimous Consent"," Lee Pockriss, Songwriter Behind ‘Itsy Bitsy’ Bikini, Dies at 87"," Mayor Urges Detroit to Accept Drastic Action to Fix Finances"," Lawyer Outlines Methods Used by British Paper in Hacking Case"," Open the Records at Penn State"," Europe&#8217;s Contagion"," The Smokers’ Surcharge"," 2 Elements of Jobs Bill Pass House Unanimously"," A Silicon Valley Dream Grows in Guatemala, Despite the Risks"," Audit Finds Errors in Calculating Pensions in Bankruptcies"," Totally Green Apples"," Canvas Opens a Chelsea Location"," Former Player Sues Knicks Over Medical Issue"," Exiled Tibetan Abbot Rebukes China Over Monks&#8217; Troubles"," From Bad Boy to ‘Good Dog’"," Berkeley Reveals Plan for Academic Center in China"," Judge Temporarily Bars Eviction of Boston Protesters"," Markets Fall on Report of Risk to U.S. Banks"," Prices of Rare Earth Metals Declining Sharply"," Reform Adds More Twists to Convoluted Derivatives World"
"2011-11-18","1"," TimesOpen: Hack Day on Saturday, December 3"," State Judge Assures Family Courts Will Be Open to All"," State Judge Assures Family Courts Will Be Open to All"," 'Breaking Dawn' Breaks 'Twilight' Opening Record"," 'Breaking Dawn' Breaks 'Twilight' Opening Record"," Nissan C.E.O. Carlos Ghosn, on Confronting the Five Crises"," Nissan C.E.O. Carlos Ghosn, on Confronting the Five Crises"," Hedge Fund Manager Is Sentenced to 5 Years"," Hedge Fund Manager Is Sentenced to 5 Years"," European Union Blocks Afghanistan Film That It Financed"," European Union Blocks Afghanistan Film That It Financed"," Lady Miss Kiev"," Lady Miss Kiev"," Fill-In | Chinese Brands"," Fill-In | Chinese Brands"," Dodge Charger Super Bee and Challenger Yellow Jacket Pack Hemis and Heritage"," Dodge Charger Super Bee and Challenger Yellow Jacket Pack Hemis and Heritage"," In Big South, Final Game Means Something Again"," In Big South, Final Game Means Something Again"," Daily Report: Military Goes Online to Rebut Extremists' Messages"," Daily Report: Military Goes Online to Rebut Extremists' Messages"," A Marc Jacobs Collection Goes Missing"," A Marc Jacobs Collection Goes Missing"," Business-Dress Rehearsal for Thanksgiving: The Feast in the Company Cafeteria "," Business-Dress Rehearsal for Thanksgiving: The Feast in the Company Cafeteria"," Amgen Agreement on Anemia Drug"," Amgen Agreement on Anemia Drug"," Debating the Use of Google AdWords"," Debating the Use of Google AdWords"," NYSE and Deutsche Borse Offer Deal Concessions"," NYSE and Deutsche Borse Offer Deal Concessions"," Mexico: Intelligence Chief Appointed Interior Minister"," Russia: Border Conflicts Risk Nuclear War, Officer Says"," ‘I’m a Mormon’ Advertising Campaign"," U.S. Military Goes Online to Rebut Extremists’ Messages"," Boeing Reports a Record Sale"," A Push to Promote Familiar Brands Online"," New Offenses Speed the Demise of College Records"," Portrait of a World War II Double Agent"," Preoccupying Opera: Youthful Acts of Dissent"," At the Altar of Design, When Self-Expression Met Mass Production"," ‘Matisse and the Model’"," Italy’s New Premier Offers Broad Plan to Reform Finances and Spur Growth"," U.N. Court in Cambodia Recommends Freeing Defendant Ill With Dementia"," Nuclear Watchdog Seeks Mission to Iran"," Dead Dog Returns to Haunt Artist"," Paid Notice: Deaths  LOVE, HOWARD MCCLINTIC HOWARD M"
"2011-11-19","0"," U.C. Davis Calls for Investigation After Pepper Spraying"," U.C. Davis Calls for Investigation After Pepper Spraying"," A Pepper Spraying on the Way to Occupying the Agenda"," A Pepper Spraying on the Way to Occupying the Agenda"," Sunday: Figure It Out"," Sunday: Figure It Out"," Live Analysis: College Football Saturday "," Live Analysis: College Football Saturday"," The Week’s Business News in Photos"," Ukraine: Ex-Premier Seeks Medical Aid"," Jon B. Lovelace, Mutual Fund Industry Leader, Dies at 84"," Republican Financial Plans"," Brazil Officials Criticize Chevron Over Oil Spill"," Gun Rights for Felons?"," Guru Sentenced to Prison in Sweat Lodge Deaths"," Deal Assures Market for Anemia Drug"," First Time in World Finals Is the Charm for U.S. Underdog"," Markets Hover as Investors Wait to See Action on Debt"," As Myanmar Eases Controls, U.S. Sees Diplomatic Opening"," Hedge Fund Manager Is Sentenced to 5 Years"," Finance: Small Class of New Managing Directors at Goldman"," Strong Opening For 'Breaking Dawn'"
"2011-11-20","0"," Rare Music Videos, for a Price"," Rare Music Videos, for a Price"," Open Letter From N.B.A. Coaches Association Chief"," Open Letter From N.B.A. Coaches Association Chief"," The Mark-To-Market Amplification Of Financial Distress"," The Mark-To-Market Amplification Of Financial Distress"," Missed Kick Didn't Kill Oregon's Season"," Missed Kick Didn't Kill Oregon's Season"," Officers Placed on Leave After Pepper-Spraying Protesters"," Officers Placed on Leave After Pepper-Spraying Protesters"," Excerpt: 'Seminar' on Broadway"," Alex Stratta Is Opening Bigoli in Greenwich Village"," Alex Stratta Is Opening Bigoli in Greenwich Village"," Bringing Animation Where the News Is"," Bringing Animation Where the News Is"," Sarah Pease and Jeremiah Murphy III"," World Cup Season Opens"," Rubio Open to Barcelona"," For Syracuse, Routing Colgate Is Business as Usual"," Is Your Dog Smarter Than a 2-Year-Old?"," After a Killing, Cancer and Financial Problems, Trying to Ensure His Son’s Happiness"," In Nevada, a City Hall Is a Reminder of Flush Days"," When Business Can’t Foresee Outrage"," Obama and Asian Leaders Confront China’s Premier"," Gary Chapman’s ‘Growing Marriage’ Seminar"," Reminiscences of a ‘Gay Utopia’"," Eating in Copenhagen? Lucky You"," A Broader Mission"," U.C. Davis to Investigate Use of Pepper Spray at Protest"," Paid Notice: Deaths  MCCARTER, MICHAEL G"," Not Miss the N.Blah.A."," Lady Miss Kiev"," Bonus Feature | Endorsements: Four of our Favorite ''Three Favorite'' Things"
"2011-11-21","0"," Numberplay: Personality or Issues?"," Numberplay: Personality or Issues?"," Q&A: Finding New Finance Software  "," Q&A: Finding New Finance Software"," Pepper-Spray Incident Spawns Remixes"," Today's Scuttlebot: Hacking Siri and Season's Greetings in Computer Code"," A Forward Step on Piracy in China, Software Makers Say"," Goldman Executives May Figure Prominently in Gupta Case"," Goldman Executives May Figure Prominently in Gupta Case"," What's the Ideal Stock-to-Flour Ratio for Turkey Gravy?"," What's the Ideal Stock-to-Flour Ratio for Turkey Gravy?"," From Cairo to California, Controlling Crowds With Chemicals"," ""Scene Near Me"" Hackers: From BigApps to TimesOpen"," Nearly 4,250 Apply to New Harvard Early Admission Program"," Nearly 4,250 Apply to New Harvard Early Admission Program"," With iPad Boost, Apple Set to Become Top PC Vendor"," With iPad Boost, Apple Set to Become Top PC Vendor"," Hugh Grant Testifies at Phone-Hacking Inquiry"," Hugh Grant Testifies at Phone-Hacking Inquiry"," Kicking Cans, Budget Woes and Other Risks Down the Road"," Kicking Cans, Budget Woes and Other Risks Down the Road"," Jaguar Continues to Push Limits of Performance and Price"," Jaguar Continues to Push Limits of Performance and Price"," 5 Reasons Selling Your Business Is Like Thanksgiving Dinner"," 5 Reasons Selling Your Business Is Like Thanksgiving Dinner"," Polls Highlight Risks to G.O.P. in Breakdown of Budget Talks"," Polls Highlight Risks to G.O.P. in Breakdown of Budget Talks"," Daily Report: Google Keeps Pushing at Microsoft's Windows "," Daily Report: Google Keeps Pushing at Microsoft's Windows"," Do Small-Business Owners Feel Overtaxed and Overregulated? A Survey Says No"," Do Small-Business Owners Feel Overtaxed and Overregulated? A Survey Says No"," Visa and Shopkick Give Rewards for Making Purchases"," This Week in Small Business: Everything Is Super!"," This Week in Small Business: Everything Is Super!"," Nov. 21, 1964 | Verrazano-Narrows Bridge Opens"," Nov. 21, 1964 | Verrazano-Narrows Bridge Opens"," California University Puts Officers Who Used Pepper Spray on Leave"," John G. Smale, Procter & Gamble Chief, Dies at 84"," News From the Advertising Industry"," Shredding Egos, One Semicolon at a Time"," White House Shooting Suspect’s Path to Extremism"," Mixed Results as Google Enters Microsoft’s Turf"," Ethiopian Troops Said to Enter Somalia, Opening New Front Against Militants"," Netflix to Back ‘Arrested Development’"," Oprah Winfrey’s Show Has a Premiere Date"," Stocks, So Far Resilient, Face a Week of Challenges"," Libyan Fighters Seize Qaddafi’s Intelligence Chief"," Rare Music Videos, for a Price"," Microsoft Office Missing for Tablets"," Paid Notice: Deaths  FLORES, KAREN WEISSMAN"," News Made in New York and Animated in Taiwan"
"2011-11-22","0"," Despite a Rough Year, Hedge Funds Maintain Their Mystique"," Despite a Rough Year, Hedge Funds Maintain Their Mystique"," Nokia's Microsoft Phones May Not Get Traction, Analyst Says"," Nokia's Microsoft Phones May Not Get Traction, Analyst Says"," Today's Scuttlebot: Personal Finance Tips and a Look Inside Twitter"," Panel's Failure Means Education Cuts in '13 "," Panel's Failure Means Education Cuts in '13"," Private Markets Offer Valuable Service but Little Disclosure"," Private Markets Offer Valuable Service but Little Disclosure"," Charting Balam Acab at Le Poisson Rouge"," Charting Balam Acab at Le Poisson Rouge"," Teaching and Learning About Gay History and Issues"," Pepper Spray at UC Davis"," Pepper Spray at UC Davis"," Day 4: Inside MF Global's Bankruptcy Hearing"," Day 4: Inside MF Global's Bankruptcy Hearing"," Ragnar Kjartansson Wins Performa Award for 'Bliss'"," Ragnar Kjartansson Wins Performa Award for 'Bliss'"," Republicans Declare Pepper Spray A Vegetable"," Republicans Declare Pepper Spray A Vegetable"," Pity the Bulldog?"," British Regulators Bar Hedge Fund Executive From Industry"," British Regulators Bar Hedge Fund Executive From Industry"," More From the Financial Pro Who Lost His Home"," More From the Financial Pro Who Lost His Home"," Embattled Intellectual Historians Make a Stand"," Embattled Intellectual Historians Make a Stand"," Tokyo and Osaka Exchanges Reach $1.1 Billion Merger Deal"," Tokyo and Osaka Exchanges Reach $1.1 Billion Merger Deal"," Pepper-Spraying of Students Puts University Campus in Spotlight"," Pepper-Spraying of Students Puts University Campus in Spotlight"," Obama Weighed Risks of Engagement, and Decided to Give Voters the Final Say"," The Perfect Stocking Stuffer: A Chocolate Lady Gaga Shoe"," Why Doesn&#8217;t No Mean No?"," A Way to Finance Europe’s Rescue"," As Layoffs Rise, Stock Buybacks Consume Cash"," Brazil: Chevron Faces Fines of $83 Million in Oil Spill"," Russia: Missiles May Be Deployed if U.S. Talks Fail"," Openness in the Exam Room (1 Letter)"," A Big Bolshoi Opening From a Cinema Seat"," One of the Best Business Trips, Courtesy of a Volcano"," Trauma: To Highlight Benefits of a Clotting Drug, a Cartoon Figure Dies a Messy Death"," Ex-Saturn Plant to Reopen, And G.M. to Add 700 Jobs"," Prognosis: Stroke’s Risk Factors Warn of Mental Harm"," Many Layers of Meaning in Royal Trip to Ramallah"," China Bends to U.S. Complaint on Solar Panels but Plans Retaliation"," Testimony in British Hacking Inquiry Takes Debate Beyond Murdoch’s Empire"," Credit Risks in Europe Push Stocks Downward"," Dissident Leader Expected to Run for Myanmar Parliament"," As Layoffs Rise, Stock Buybacks Consume Cash"," Trustee Says More Cash Is Missing at MF Global"," Paid Notice: Memorials  PRICE, BARRY"
"2011-11-23","0"," How the Day Will Play Out: Butterfat, Nickelback and Fantasy Quarterbacks"," How the Day Will Play Out: Butterfat, Nickelback and Fantasy Quarterbacks"," Lincoln Financial Says Goodbye to Its 'Hello Future' Ad Campaign"," Lincoln Financial Says Goodbye to Its 'Hello Future' Ad Campaign"," Samsung Pokes Fun at Apple in Phone Ad"," Dodgers TV Rights Plan Wins Support"," Dodgers TV Rights Plan Wins Support"," Medical Marijuana in a Legal Limbo"," Di Fara Pizza Reopens After Passing Inspection"," Di Fara Pizza Reopens After Passing Inspection"," Why Not Pull the Trigger on Greek Default Swaps?"," Why Not Pull the Trigger on Greek Default Swaps?"," Checking Eligibility for U.S. Mortgage Refinance Program"," Checking Eligibility for U.S. Mortgage Refinance Program"," Tailgating Recipes: Mini Mile-High Apple Pies"," Tailgating Recipes: Mini Mile-High Apple Pies"," Microsoft Signs Nondisclosure Agreement With Yahoo"," Microsoft Signs Nondisclosure Agreement With Yahoo"," The Unintended Consequences of Tech Stock Repurchases"," The Unintended Consequences of Tech Stock Repurchases"," JPMorgan Said to Buy MF Global Stake in London Metal Exchange"," JPMorgan Said to Buy MF Global Stake in London Metal Exchange"," Gingrich Risks Conservative Outrage on Immigration "," Gingrich Risks Conservative Outrage on Immigration"," So You Want to Start a Business"," So You Want to Start a Business"," Discussing Israel, Detainees&#8217; Rights, Terrorism and a Different Birth Certificate"," Pepper Spray’s Fallout, From Crowd Control to Mocking Images"," Billboard Called Anti-Semitic Is Quickly Pulled"," Financial Finger-Pointing Turns to Regulators"," World Bank Issues Alert on Afghanistan Economy"," Evoking Edelweiss and Stirring Hope in India"," Higher Prices Hurt Campbell Soup Sales"," Defendant Says Khmer Rouge’s Aim Was to Protect Cambodia From Vietnam"," Merck to Pay $950 Million Over Vioxx"," Hague Prosecutor Opens Door to Libya Trial of Qaddafi Son and Aide"," Turkish Premier Urges Assad to Quit in Syria"," Abortion Case Loses Ground, but Issue Stays Hot in Kansas"," China Outlines Cuts in Carbon Emissions"," Bundt Cake Is Good (and They May Not Miss the Pie)"," Apple Bourbon Bundt Cake"," Private Markets Offer Valuable Service but Little Disclosure"," Tokyo Stock Exchange To Acquire Osaka Rival"," Yankees Increase Bleacher Prices"," Hedge Funds Down, but Far From Out"
"2011-11-24","0"," To the Caribbean, by All Means"," To the Caribbean, by All Means"," Federer Cruises to Semifinals in London"," Federer Cruises to Semifinals in London"," Styled to a T | Taissa Farmiga"," Styled to a T | Taissa Farmiga"," DealBook: Microsoft Signs Nondisclosure Agreement With Yahoo"," Measuring Financial Contagion"," Measuring Financial Contagion"," Anne McCaffrey, Author of ‘Dragonriders’ Fantasies, Dies at 85"," Kyrgyzstan Sees Instability at End of Afghan Mission"," Opening Day for Shoppers Shows Divide"," For Locked-Out Players, Openings Overseas"," Marazzi Italian Tile Opens a New York Showroom"," East Hampton Opens Its Doors"," Judge Rejects Harrisburg’s Bankruptcy"," 100 Mind-Opening Problems for the Intermediate Player"," Examining Israel’s Gay Rights Record"," Digital Downloads Sub for Weighty Scores"," The California Protests and the Pepper Spray Incident"," Some Tools for the Underdog in the Football Pool"," Report of the Bahrain Independent Commission of Inquiry"," Russia Elevates Warning About U.S. Missile-Defense Plan in Europe"," Kicking Off an Animated Holiday Season"," German Debt Auction Weighs on Markets"," Retooling Intellectual History"," Signed Pact Allows Microsoft a Closer View of Yahoo's Books"
"2011-11-25","0"," Meaning in Madness"," Romney Dominating Race for Endorsements"," Romney Dominating Race for Endorsements"," Former F.B.I. Chief Asked to Oversee MF Global's Bankruptcy"," Former F.B.I. Chief Asked to Oversee MF Global's Bankruptcy"," A Look at Apple's Spot-the-Shopper Technology"," A Look at Apple's Spot-the-Shopper Technology"," Podcast: Derivative Trading, Unemployment and the American Gun Business"," Podcast: Derivative Trading, Unemployment and the American Gun Business"," On Black Friday, a Steady Business for Traffic Agents"," On Black Friday, a Steady Business for Traffic Agents"," La Guardia Loses Swiss Cheese Ice Cream Cone, and Some History"," La Guardia Loses Swiss Cheese Ice Cream Cone, and Some History"," Murky Signals for Congress on Insider Trading"," Murky Signals for Congress on Insider Trading"," Q&A: Facebook Photos Missing in Action  "," Q&A: Facebook Photos Missing in Action"," Prague Christmas Markets Come Alive"," Prague Christmas Markets Come Alive"," Using Apple's Find My Mac Feature"," Using Apple's Find My Mac Feature"," India Opens Doors to Foreign Retailers"," India Opens Doors to Foreign Retailers"," Payments to Doctors by Pharmaceutical Companies Raise Issues of Conflicts"," League Warns Syria to Admit Monitors or Risk Sanctions"," Broadway Hits Make Most of Premium Pricing"," Trinidad and Tobago: Premier Says Police Foiled an Assassination Plot"," To Advance Their Cause, Foundations Buy Stocks"," Measuring Risks at Europe’s Banks"," Portugal Downgrade Hurts Stocks in Europe"," For Art Lovers, Volumes Meant to Awe and Inspire"," Curtain Up, Light the Lights, Open the Books"," Superheroes for the Stockings"
"2011-11-26","0"," Phone-Hacking Tied to Terrorists in the Philippines"," Live Analysis: Rivalry Weekend"," Live Analysis: Rivalry Weekend"," Belarus: Rights Activist Sentenced"," The Week’s Business News in Pictures"," Gambia: Commission Declares Current President Winner in Vote"," For U.S., Risks in Pressing Egypt to Speed Civilian Rule"," So Big, Performa Now Misses the Point"," For Business, Golden Days; For Workers, the Dross"
"2011-11-27","0"," Zynga's Tough Culture Risks a Talent Drain"," Zynga's Tough Culture Risks a Talent Drain"," Hedge Fund Ireland"," Hedge Fund Ireland"," Jeranimo Wins a Sad Race"," Freshman&#8217;s Sure Hand Rights UConn"," Phone Hacking Tied to Terrorists"," Starting a Business: The Romance vs. the Reality"," Basil D’Oliveira, a Symbol for Cricket and for Equality, Dies at 80"," Engineer’s Return to China Leads to Jail and Limbo"," Critics Say Budget Cuts for Courts Risk Rights"," Slipping Backward on Swaps"," California Bullet Train Project Advances Amid Cries of Boondoggle"," A Comedian’s Act Is Leaner but Not Meaner"," The Human Swap"," Inconspicuous Consumption"," War and Intelligence"," Real Housewife of the Renaissance"," In Wisconsin, Supper Clubs Open to All"," Can the Bulldog Be Saved?"," Paid Notice: Deaths  MCCLURE, DOUGLAS BRYAN"," New Caribbean Routes, By All Means"," Asset Analysis"," Paid Notice: Deaths  BINSTOCK, DR. ROBERT H."," Paid Notice: Deaths  WRIGHTSON, PATRICIA BOWNE"
"2011-11-28","1"," Looking at Dogs and Cars"," Looking at Dogs and Cars"," Beauty Product Picks for 2011"," A New Web Portal Doubles a Product's Warranty"," A New Web Portal Doubles a Product's Warranty"," Mission Not Accomplished"," Mission Not Accomplished"," Accounts and People of Note in the Advertising Industry"," Behind the Cover Story: Benoit Denizet-Lewis on Bulldogs"," Behind the Cover Story: Benoit Denizet-Lewis on Bulldogs"," On Black Friday, Pepper Spray Carried the Day"," On Black Friday, Pepper Spray Carried the Day"," Ken Russell, Flamboyant Filmmaker, Is Dead at 84"," Ken Russell, Flamboyant Filmmaker, Is Dead at 84"," Daily Report: Zynga's Big Risks"," Daily Report: Zynga's Big Risks"," This Week In Small Business: What Would Canada Do?"," This Week In Small Business: What Would Canada Do?"," At Meeting on Climate Change, Urgent Issues but Low Expectations"," The Price of Intolerance"," Youth Leader in Egypt Straddles Line of Revolution and Electoral Change"," Greeks Balk at Paying Steep New Property Tax"," Partnership Preserves Livelihoods and Fish Stocks"," Stockard Channing Makes Quick Return"," News From the Advertising Industry"," The Physics of the Laboratory, and the Chemistry of the Heart"," In Russia, Evidence of Misstep by Putin"," A Change in Attitude About Dubious Stock Dealings"," The Physics of the Laboratory, And the Chemistry of the Heart"," ZyngaVille's Mean Streets"
"2011-11-29","1"," Apple's Siri Stumbles Over an Abortion Question"," TimesCast: American Airlines Bankruptcy"," Bankruptcy Hearing for AMR"," How Does the American Airlines Bankruptcy Affect You? "," How Does the American Airlines Bankruptcy Affect You?"," TimesCast | American Airlines Bankruptcy"," Google and Apple Are Both Winners in Mobile Race, Report Says"," Are Your Children at Risk From Vaccine Exemptions?"," Are Your Children at Risk From Vaccine Exemptions?"," Wings' Eaves Pays the Price for Blocking Shot"," Wings' Eaves Pays the Price for Blocking Shot"," Gingrich Aims to Turn Immigration Issue on Foes"," Gingrich Aims to Turn Immigration Issue on Foes"," Romney Nabs Influential Endorsements in Florida"," Romney Nabs Influential Endorsements in Florida"," Rabbit, Run: 'Harvey,' With Jim Parsons, Sets Broadway Opening Date"," Rabbit, Run: 'Harvey,' With Jim Parsons, Sets Broadway Opening Date"," Apple's Siri Stumbles Over an Abortion Question"," Tuesday Reading: A Closer Look at Teeth May Mean More Fillings"," Tuesday Reading: A Closer Look at Teeth May Mean More Fillings"," American Airlines Parent Files for Bankruptcy"," American Airlines Parent Files for Bankruptcy"," Is Too Much Meaningless Cricket Killing the Sport?"," Is Too Much Meaningless Cricket Killing the Sport?"," Is Microsoft Running Out of Time for Tablets?"," How to Succeed in Business? By Reading, India Says"," How to Succeed in Business? By Reading, India Says"," Missing Girl’s Mother Freed, but Still a Suspect"," Pepper Spray in Santa’s Bag?"," The Jets’ Secondary Leaves Itself Open to Criticism"," Kuwait: Premier and Cabinet Resign Amid Scandal"," Turkey: Premier in Good Health After Surgery"," Living in a 76-Story Work of Art, and a Symbol of Rebirth"," Metro-North Reopens Port Jervis Line"," Welcoming Back N.B.A. With Open Yawns"," How Do Eminent Physicists Tackle the Higgs Boson? With Chocolate"," Israeli Leader Visits Jordan to Discuss Palestinian Issue"," Risks: Partial Hysterectomies Affect Menopause"," A Closer Look at Teeth May Mean More Fillings"," New-Home Sales Rise; Prices Fall"," Silver Lake and Microsoft Group Expected to Bid for a Stake in Yahoo"
"2011-11-30","1"," On the Markets in the Region"," New Round of Insider Trading Charges Is Expected"," New Round of Insider Trading Charges Is Expected"," Apple Says Siri's Abortion Answers Are a Glitch"," Apple Says Siri's Abortion Answers Are a Glitch"," Icahn Urges WebMD to Buy Back $1 Billion in Stock"," Icahn Urges WebMD to Buy Back $1 Billion in Stock"," Michael Bublé and Nickelback in Photo Finish Atop the Charts"," Michael Bublé and Nickelback in Photo Finish Atop the Charts"," Expect Some Toning Down of Antipiracy Bills, Says Movie Industry Supporter"," Expect Some Toning Down of Antipiracy Bills, Says Movie Industry Supporter"," Lens: Cambodia"," Foreclosure Crisis Isn't Even Halfway Over, Analysis Finds"," Foreclosure Crisis Isn't Even Halfway Over, Analysis Finds"," President Obama: Veto the Defense Authorization Act"," President Obama: Veto the Defense Authorization Act"," Women's Soccer Semifinals Are This Weekend"," Women's Soccer Semifinals Are This Weekend"," Judges Focus on Flight Risk of Galleon Chief"," Judges Focus on Flight Risk of Galleon Chief"," American Won't Be the Last Airline Bankruptcy"," American Won't Be the Last Airline Bankruptcy"," For Small Fishermen, a Fairness Issue"," For Small Fishermen, a Fairness Issue"," Regulator Raises 'Serious Concerns' About Toronto Exchange Deal"," Regulator Raises 'Serious Concerns' About Toronto Exchange Deal"," American Airlines and Bankruptcy"," American Airlines and Bankruptcy"," Life in Limbo for Chin Refugees"," Life in Limbo for Chin Refugees"," Private Dollars Revive a Solar Panel Plan for Military Housing"," Highly Skilled May Wait Less for Visas"," Manchester City in Semifinals"," Suffolk&#8217;s Mean Streets"," China: Dissident’s Wife Questioned"," Morocco: Islamist Named Premier"," Facing Generic Lipitor Rivals, Pfizer Battles to Protect Its Cash Cow"," A Hard Cider From an Heirloom Apple"," Pecan, a Cafe, Opens on the Upper West Side"," F.T.C. Settles Privacy Issue at Facebook"," Housing Prices Continue Decline, Index Shows"," European Officials Agree to Bolster Bailout Fund"," British Inquiry Is Told Hacking Is Worthy Tool"," Bankruptcy An Effort To Cut Costs At American1000 2011-11-30 Highly Skilled May Wait Less for Visas1001 2011-11-30 Paid Notice: Deaths  MCCORMICK, WILLIAM J."
